{"val_acc":[79.78,83.18,82.38,86.44,84.86,86.78,84.18,86.68,86.94,85.22,86.54,87.8,84.8,86.8,88.06,87.76,88.38,87.28,87.56,86.86,88.28,87.28,88.68,88.78,88.7,88.28,87.96,86.84,87.2,87.64,87.12,87.88,88.18,86.64,87.08,88.08,87.48,88.54,87.92,89.7,88.32,85.72,88.12,88.86,89.16,88.24,89.1,87.7,88.06,89.6,89.92,88.64,87.24,88.06,89.08,88.94,87.82,88.94,88.26,88.62,92.1,92.4,92.38,92.5,92.36,92.56,92.68,92.66,93.16,92.76,92.96,92.86,92.3,92.56,92.54,92.64,92.64,92.88,92.6,92.58,92.8,92.82,92.5,92.18,92.42,92.64,92.56,92.2,92.6,92.58,92.42,92.34,92.52,92.34,92.82,91.8,91.58,92.32,92.08,92.34,92.94,93.32,93.48,93.32,93.52,93.22,93.44,93.38,93.46,93.26,93.6,93.5,93.4,93.5,93.6,93.5,93.46,93.46,93.62,93.58,93.66,93.46,93.56,93.6,93.74,93.82,93.6,93.42,93.42,93.56,93.4,93.64,93.38,93.6,93.4,93.36,93.32,93.42,93.64,93.66,93.36,93.58,93.56,93.66,93.58,93.6,93.66,93.64,93.72,93.48,93.64,93.78,93.4,93.7,93.5,93.78,93.68,93.52,93.84,93.54,93.84,93.52,93.74,93.48,93.52,93.4,93.52,93.5,93.76,93.46,93.74,93.96,93.94,93.56,93.6,93.74,93.68,93.8,93.78,93.66,93.46,93.72,93.5,93.58,93.56,93.66,93.52,93.76,93.66,93.6,93.76,93.46,93.52,93.6,93.82,93.78,93.76,93.66,93.66,93.84,93.56,93.32,93.38,93.68,93.84,93.34,93.44,93.46,93.32,93.78,93.7,93.52,93.36,93.44,93.36,93.32,93.66,93.3,92.94,93.26,93.54,93.62,93.66,93.46,93.66,93.34,93.28,93.24,93.26,93.28,93.8,93.24,93.36,93.3,93.32,93.56,93.76,93.32,93.66,93.44],"eta_val_acc":[79.0,83.27999877929688,81.8800048828125,86.2933349609375,84.55332946777344,86.40666961669922,84.45333099365234,86.2066650390625,86.26666259765625,84.55999755859375,85.7066650390625,87.53333282470703,84.3133316040039,86.57332611083984,87.55999755859375,87.69332885742188,88.14666748046875,86.85333251953125,87.26666259765625,86.913330078125,88.23999786376953,86.27999877929688,88.3800048828125,88.7933349609375,88.5199966430664,88.05333709716797,88.05333709716797,86.36666870117188,87.24666595458984,87.39999389648438,86.2066650390625,87.30667114257812,87.96666717529297,85.96666717529297,86.92000579833984,88.01333618164062,87.3133316040039,88.02666473388672,87.65999603271484,89.5199966430664,88.1933364868164,85.44000244140625,88.00667572021484,88.3133316040039,88.95999908447266,88.2733383178711,88.1066665649414,87.09333038330078,87.94666290283203,89.34667205810547,89.21334075927734,88.0666732788086,87.04666900634766,87.50667572021484,88.92666625976562,88.97333526611328,87.90666961669922,88.6199951171875,88.21334075927734,88.1399917602539,91.88666534423828,92.22000122070312,92.0999984741211,91.66000366210938,92.20000457763672,92.14666748046875,92.66666412353516,92.33999633789062,92.85999298095703,92.72000122070312,92.54666137695312,92.76000213623047,92.22000122070312,92.5199966430664,92.26000213623047,92.35333251953125,92.32000732421875,92.48666381835938,92.413330078125,92.2066650390625,92.25333404541016,92.42666625976562,92.14000701904297,92.04666900634766,92.2066650390625,92.28665924072266,92.23999786376953,92.0133285522461,92.05999755859375,92.44666290283203,92.25333404541016,92.32666778564453,91.7733383178711,92.14000701904297,92.37332916259766,91.4000015258789,91.07333374023438,91.83999633789062,91.40666961669922,91.8133316040039,92.84000396728516,93.07333374023438,93.2066650390625,93.22000122070312,93.14666748046875,92.93334197998047,93.22000122070312,93.11333465576172,93.24667358398438,92.83333587646484,93.0999984741211,93.31999969482422,93.28667449951172,93.0666732788086,93.33999633789062,93.2066650390625,93.2933349609375,93.04666900634766,93.2733383178711,93.1066665649414,93.36666870117188,92.99332427978516,92.97333526611328,93.1066665649414,93.41999053955078,93.40666961669922,93.1533432006836,93.37332916259766,93.1066665649414,93.4333267211914,93.21332550048828,93.33333587646484,93.1866683959961,93.37332916259766,93.12667083740234,93.086669921875,93.14000701904297,93.16666412353516,93.30667114257812,93.2266616821289,93.09333038330078,93.32666778564453,93.25333404541016,93.3466567993164,93.3133316040039,93.47332763671875,93.42666625976562,93.4000015258789,93.5199966430664,93.37332916259766,93.45333099365234,93.4800033569336,93.22000122070312,93.34667205810547,93.2266616821289,93.62667083740234,93.15332794189453,93.11333465576172,93.4333267211914,92.97332763671875,93.40666961669922,93.3466567993164,93.2266616821289,93.42666625976562,93.02667236328125,93.2066650390625,93.11333465576172,93.12667083740234,93.45333862304688,93.3133316040039,93.5199966430664,93.65332794189453,93.53333282470703,93.51333618164062,93.17333984375,93.52667236328125,93.52667236328125,93.3466567993164,93.37332916259766,93.22000122070312,93.23999786376953,93.3800048828125,93.0199966430664,93.11333465576172,93.34000396728516,93.4333267211914,93.13333129882812,93.32666778564453,93.3933334350586,93.40665435791016,93.26666259765625,93.05333709716797,93.07999420166016,93.3133316040039,93.1199951171875,93.4333267211914,93.3800048828125,93.5199966430664,93.38666534423828,93.30001068115234,93.17333984375,92.97332763671875,93.12667083740234,93.1933364868164,93.2733383178711,93.16666412353516,93.1199951171875,93.0666732788086,93.09333038330078,93.11333465576172,93.2733383178711,93.04666900634766,93.03333282470703,93.2066650390625,92.95999908447266,92.94666290283203,93.32000732421875,92.94666290283203,92.55999755859375,92.88666534423828,93.3466567993164,93.14666748046875,93.2266616821289,92.96666717529297,93.24666595458984,93.14000701904297,92.67999267578125,92.83999633789062,93.24666595458984,93.07999420166016,93.15332794189453,92.99332427978516,92.6533432006836,93.15999603271484,92.95333862304688,93.2066650390625,93.25333404541016,93.05333709716797,93.20000457763672,93.0199966430664],