{"val_acc":[81.88,82.44,83.06,86.16,85.26,85.86,85.54,85.08,87.72,86.96,86.42,87.2,85.0,85.4,88.12,87.7,88.28,87.1,87.44,87.68,86.5,83.8,88.32,86.74,87.82,87.86,87.12,85.02,85.36,88.06,88.92,86.36,87.88,85.42,87.48,88.08,87.74,87.76,87.8,87.82,88.9,88.6,87.26,87.88,89.44,88.78,88.78,87.28,87.44,87.72,88.4,89.46,88.08,87.24,88.5,89.14,88.66,88.66,87.82,88.36,91.7,92.26,92.38,92.38,92.36,92.16,92.36,92.72,92.96,92.26,92.78,92.1,92.54,92.76,92.56,92.6,92.66,92.44,92.74,92.38,92.96,92.46,92.54,92.54,92.26,92.7,92.6,92.36,92.54,92.48,92.88,91.98,92.24,92.36,92.36,92.14,92.36,92.06,91.92,92.2,93.32,93.58,93.7,93.48,93.5,93.52,93.6,93.58,93.46,93.34,93.48,93.64,93.8,93.68,93.64,93.58,93.52,93.78,93.74,93.74,93.92,93.52,93.68,93.5,93.68,93.94,93.62,93.82,93.82,93.78,93.64,93.62,93.76,93.68,93.94,93.6,93.74,93.52,93.68,93.86,93.82,93.82,93.42,93.6,93.66,93.94,93.64,93.64,93.84,93.72,94.06,93.72,93.58,93.9,93.7,93.72,93.56,93.8,93.58,93.64,93.84,93.78,93.9,93.98,94.0,93.58,93.82,93.64,93.82,93.76,93.78,93.82,93.64,93.66,93.94,93.88,93.68,93.64,93.66,93.7,93.7,93.64,93.4,93.66,93.72,93.5,93.36,93.8,93.88,93.86,93.96,93.68,93.8,93.88,93.9,93.94,93.6,93.62,93.8,93.48,93.94,93.8,93.82,93.62,93.76,93.82,93.88,93.84,93.88,93.56,93.72,93.52,93.56,93.6,93.78,93.5,93.58,93.26,93.56,93.58,94.1,93.46,93.64,93.66,93.76,93.78,93.78,93.68,94.06,93.54,93.56,93.88,93.46,93.46,93.6,93.86,93.62,93.36,93.66,93.72],"eta_val_acc":[81.62667083740234,82.53333282470703,82.913330078125,86.2266616821289,85.22667694091797,85.77999877929688,85.33999633789062,85.07333374023438,87.67333984375,86.8933334350586,86.18000030517578,86.85999298095703,84.97333526611328,85.37332916259766,87.913330078125,87.73333740234375,88.26666259765625,87.02667236328125,87.3133316040039,87.57999420166016,86.4800033569336,82.57333374023438,88.31999969482422,86.83999633789062,87.73332977294922,88.07333374023438,87.11334228515625,85.00667572021484,85.2266616821289,88.00666046142578,88.72000122070312,86.2933349609375,87.7066650390625,85.26000213623047,87.19332885742188,87.86666870117188,87.7266616821289,87.5,87.44000244140625,87.8133316040039,88.6933364868164,88.52667236328125,87.48666381835938,87.42667388916016,89.11333465576172,88.73333740234375,88.72000122070312,87.1533432006836,87.54000091552734,87.62667083740234,88.2266616821289,89.36666870117188,88.11333465576172,86.81999969482422,88.28665924072266,89.17333221435547,88.90666961669922,88.79999542236328,87.71334075927734,88.21334075927734,91.55333709716797,92.04666900634766,92.3600082397461,92.2066650390625,92.26666259765625,91.96666717529297,92.24666595458984,92.6399917602539,92.83333587646484,92.26000213623047,92.586669921875,92.09333038330078,92.42666625976562,92.51333618164062,92.2266616821289,92.33333587646484,92.48666381835938,92.3066635131836,92.47332763671875,92.23332977294922,92.7266616821289,92.49332427978516,92.26666259765625,92.52666473388672,92.3066635131836,92.55333709716797,92.3800048828125,92.48666381835938,92.4666748046875,92.37332916259766,92.69998931884766,92.0,92.07999420166016,92.16666412353516,92.26000213623047,91.9866714477539,92.20000457763672,92.09333038330078,91.92000579833984,92.12667083740234,93.23999786376953,93.4333267211914,93.5333251953125,93.4333267211914,93.2266616821289,93.4000015258789,93.6866683959961,93.49333953857422,93.4000015258789,93.0999984741211,93.3933334350586,93.56000518798828,93.62667083740234,93.45999908447266,93.44000244140625,93.54666900634766,93.3933334350586,93.52667236328125,93.73999786376953,93.59333038330078,93.6933364868164,93.6066665649414,93.51333618164062,93.35333251953125,93.59334564208984,93.79999542236328,93.50667572021484,93.65332794189453,93.66666412353516,93.68000030517578,93.4800033569336,93.59333038330078,93.5999984741211,93.55333709716797,93.63333129882812,93.4800033569336,93.5533218383789,93.42666625976562,93.50667572021484,93.6533432006836,93.64666748046875,93.66666412353516,93.33333587646484,93.53333282470703,93.55999755859375,93.6066665649414,93.44000244140625,93.59333038330078,93.66666412353516,93.62667083740234,93.85999298095703,93.71334075927734,93.44000244140625,93.7266616821289,93.61333465576172,93.45999908447266,93.3466567993164,93.54666900634766,93.6066665649414,93.40666961669922,93.65332794189453,93.7933349609375,93.64666748046875,93.85333251953125,93.81999969482422,93.47332763671875,93.6199951171875,93.4800033569336,93.7933349609375,93.64666748046875,93.7066650390625,93.55999755859375,93.4800033569336,93.48666381835938,93.75333404541016,93.65999603271484,93.74666595458984,93.59333038330078,93.28665924072266,93.53333282470703,93.67999267578125,93.65999603271484,93.50666046142578,93.40666961669922,93.5666732788086,93.46666717529297,93.42666625976562,93.66000366210938,93.65999603271484,93.74666595458984,93.6866683959961,93.36666870117188,93.8133316040039,93.67333221435547,93.83333587646484,93.80667114257812,93.6933364868164,93.63333892822266,93.6866683959961,93.26000213623047,93.66666412353516,93.7933349609375,93.84000396728516,93.45999908447266,93.55333709716797,93.6066665649414,93.6866683959961,93.5199966430664,93.54000091552734,93.42000579833984,93.54000091552734,93.49333953857422,93.55999755859375,93.5133285522461,93.53333282470703,93.22000122070312,93.37332916259766,93.36666870117188,93.40666961669922,93.57999420166016,93.8933334350586,93.37332916259766,93.57333374023438,93.5,93.56665802001953,93.586669921875,93.55333709716797,93.50666046142578,93.8600082397461,93.38666534423828,93.50666046142578,93.7266616821289,93.54000091552734,93.45999908447266,93.52667236328125,93.67999267578125,93.49332427978516,93.27999877929688,93.65999603271484,93.26666259765625],