{"val_acc":[61.16000001220703],"eta_val_acc":[61.15999984741211],"eta_val_acc_std":[0.0]}