{"val_acc":[87.0,87.87999991455078],"eta_val_acc":[83.20000457763672,86.53333282470703],"eta_val_acc_std":[1.505721926689148,0.3971565067768097]}