{"val_acc":[76.29999990234376],"eta_val_acc":[75.1866683959961],"eta_val_acc_std":[0.23692458868026733]}