{"val_acc":[57.19999995727539,72.57999998779297],"eta_val_acc":[57.20000076293945,72.58000183105469],"eta_val_acc_std":[0.0,0.0]}