{"val_acc":[84.35999998779297,88.24000001220703],"eta_val_acc":[83.86666870117188,87.97332763671875],"eta_val_acc_std":[0.6201102137565613,0.1418914645910263]}