{"val_acc":[86.07999991455078,89.17999987792969,89.07999998779297,89.61999989013673,90.68000001220703,90.00000001220702,91.12000004882813,90.89999985351562,91.09999992675782,90.75999992675781,91.46,91.36000004882813,91.75999993896484,91.63999996337891,91.4,92.18000001220703,92.15999995117187,91.93999995117187,91.29999991455078,91.05999990234375,92.05999993896485,91.98000003662109,92.33999990234375,92.10000004882812,92.23999986572265,91.91999992675781,92.14000004882813,91.67999992675782,92.00000003662109,92.05999995117187,92.62000004882813,92.2399999633789,92.56000003662109,92.07999991455078,91.91999995117187,92.2999999267578,92.18000004882812,92.14000004882813,92.05999986572266,91.86000003662109,92.25999995117188,92.43999993896485],"eta_val_acc":[86.07999420166016,89.18000030517578,89.07999420166016,89.62000274658203,90.68000030517578,90.0,91.12000274658203,90.9000015258789,91.0999984741211,90.76000213623047,91.45999908447266,91.3600082397461,91.76000213623047,91.6399917602539,91.4000015258789,92.18000030517578,92.16000366210938,91.94000244140625,91.30001068115234,91.05999755859375,92.05999755859375,91.9800033569336,92.33999633789062,92.0999984741211,92.23999786376953,91.92000579833984,92.1399917602539,91.68000030517578,92.0,92.05999755859375,92.62000274658203,92.23999786376953,92.55999755859375,92.07999420166016,91.92000579833984,92.30001068115234,92.18000030517578,92.1399917602539,92.05999755859375,91.8600082397461,92.26000213623047,92.44000244140625],"eta_val_acc_std":[9.344062164018396e-6,0.0,9.344062164018396e-6,0.0,0.0,0.0,0.0,0.0,0.0,0.0,0.0,9.344062164018396e-6,0.0,9.344062164018396e-6,0.0,0.0,0.0,0.0,9.344062164018396e-6,0.0,0.0,0.0,0.0,0.0,0.0,9.344062164018396e-6,9.344062164018396e-6,0.0,0.0,0.0,0.0,0.0,0.0,9.344062164018396e-6,9.344062164018396e-6,9.344062164018396e-6,0.0,9.344062164018396e-6,0.0,9.344062164018396e-6,0.0,0.0]}