{"val_acc":[10.05999998474121],"eta_val_acc":[10.0600004196167],"eta_val_acc_std":[0.0]}