{"val_acc":[81.24,84.58,83.68,85.14,85.34,86.38,86.52,85.72,87.66,86.0,87.36,88.04,86.48,86.32,87.62,88.06,86.56,86.22,87.52,87.92,86.88,86.48,87.2,89.26,88.24,87.14,87.7,84.76,86.86,88.08,89.4,87.64,87.84,87.54,88.54,89.52,85.94,88.5,87.58,88.42,87.28,88.28,87.24,87.28,88.58,87.92,87.44,88.38,88.2,88.64,89.3,88.54,87.8,88.74,88.88,89.28,87.34,88.86,88.36,88.68,91.48,92.22,91.86,92.12,92.1,91.72,92.24,91.78,92.0,92.64,92.04,92.16,91.9,92.32,92.14,92.02,91.82,91.98,91.98,91.86,91.98,92.14,91.92,92.28,92.08,92.2,91.8,92.74,92.58,92.3,92.2,92.54,92.08,92.24,92.54,92.0,92.58,92.32,91.54,92.34,93.02,93.18,92.86,93.28,93.06,92.92,93.08,93.16,93.12,93.1,93.44,93.3,93.04,93.12,93.34,93.34,93.2,92.98,93.16,93.06,93.06,93.34,93.42,93.34,93.08,93.02,93.1,93.34,93.04,93.32,93.24,93.24,93.18,93.54,93.24,93.28,93.08,93.46,93.38,93.46,93.42,93.5,93.22,93.34,93.2,93.3,93.04,93.22,93.5,93.32,93.4,93.34,93.48,93.4,93.42,93.62,93.66,93.48,93.48,93.22,93.5,93.38,93.36,93.44,93.34,93.46,93.48,93.38,93.32,93.48,93.6,93.82,93.52,93.54,93.68,93.5,93.6,93.54,93.46,93.12,93.44,93.58,93.6,93.44,93.34,93.52,93.46,93.56,93.52,93.56,93.66,93.46,93.44,93.42,93.4,93.32,93.28,93.26,93.64,93.62,93.56,93.26,93.74,93.42,93.58,93.58,93.48,93.52,93.7,93.56,93.78,93.74,93.76,93.36,93.42,93.22,93.54,93.44,92.96,93.46,93.5,93.36,93.12,93.16,93.34,93.48,93.22,93.4,93.3,93.36,93.3,93.32,92.98,93.16,93.02,93.4,93.6,93.26,93.46,93.52],"eta_val_acc":[76.26666259765625,82.64666748046875,80.05999755859375,82.97332763671875,82.91333770751953,84.086669921875,84.92666625976562,80.83333587646484,84.63333892822266,83.10000610351562,85.1066665649414,84.58000946044922,84.81999969482422,84.01333618164062,84.95333099365234,85.1066665649414,83.82666778564453,83.23332977294922,84.40666961669922,86.07333374023438,85.9333267211914,80.90666961669922,85.14666748046875,87.65332794189453,86.22000122070312,84.2266616821289,85.45333862304688,80.8933334350586,84.57333374023438,86.5199966430664,85.75333404541016,85.13333129882812,85.05333709716797,84.04666900634766,86.52667236328125,87.17333984375,83.64666748046875,85.13333129882812,85.586669921875,86.16666412353516,84.89999389648438,86.27999877929688,85.8066635131836,85.18000030517578,86.7933349609375,85.7733383178711,84.04666900634766,85.99333953857422,86.92000579833984,86.23999786376953,86.13333129882812,85.42000579833984,85.3600082397461,85.31999969482422,87.43334197998047,86.66666412353516,86.12667083740234,87.1199951171875,85.83333587646484,86.82666778564453,89.85333251953125,89.99332427978516,90.5199966430664,88.37332916259766,90.26000213623047,89.74667358398438,90.04000091552734,90.0666732788086,90.3933334350586,90.23333740234375,89.83333587646484,90.3133316040039,90.14000701904297,89.8933334350586,90.26666259765625,89.89999389648438,90.6533432006836,90.25333404541016,90.4000015258789,89.5333251953125,89.0666732788086,89.8800048828125,89.16666412353516,90.17333984375,90.40666961669922,90.18000030517578,89.8800048828125,90.04666900634766,89.16666412353516,90.45333862304688,89.83333587646484,91.1066665649414,89.05999755859375,89.913330078125,89.56665802001953,89.69332885742188,89.12667083740234,89.68000030517578,89.33333587646484,89.72000122070312,91.1533432006836,91.42666625976562,91.24666595458984,91.4000015258789,90.4866714477539,90.92000579833984,91.0999984741211,90.7933349609375,91.33333587646484,90.85333251953125,90.71334075927734,91.33333587646484,91.12667083740234,90.9800033569336,91.54000091552734,90.4000015258789,90.63333892822266,90.49332427978516,91.2733383178711,90.73999786376953,91.85333251953125,90.60665893554688,90.17333984375,90.11333465576172,91.04000091552734,91.21334075927734,90.7266616821289,90.72000122070312,91.4000015258789,91.5,90.83999633789062,90.6199951171875,90.72000122070312,91.14666748046875,90.96666717529297,90.586669921875,90.37332916259766,90.83999633789062,90.1066665649414,91.01333618164062,90.1866683959961,91.66000366210938,90.92000579833984,91.42000579833984,91.586669921875,90.26000213623047,91.35333251953125,91.22000122070312,91.04000091552734,91.14000701904297,91.73332977294922,91.04666900634766,90.66666412353516,90.32000732421875,90.5,90.5666732788086,90.27999877929688,91.35333251953125,90.73999786376953,90.79999542236328,90.83999633789062,90.9333267211914,90.9800033569336,90.8933334350586,90.27999877929688,90.0,90.92000579833984,91.40666961669922,91.27999877929688,91.64666748046875,91.33999633789062,91.1933364868164,90.7266616821289,91.05999755859375,90.92000579833984,90.87332916259766,90.3933334350586,90.45333099365234,90.99333953857422,91.27999877929688,91.04666900634766,90.73999786376953,89.9800033569336,90.30667114257812,91.59333038330078,90.85999298095703,90.8133316040039,90.9333267211914,91.53333282470703,90.99332427978516,90.71332550048828,90.92666625976562,90.37332916259766,91.16000366210938,90.2733383178711,90.9800033569336,90.99333953857422,90.84667205810547,90.37332916259766,90.55333709716797,91.05333709716797,90.27999877929688,90.70000457763672,91.05333709716797,90.86666107177734,90.9866714477539,89.7733383178711,89.92667388916016,90.586669921875,90.586669921875,90.94666290283203,90.59333038330078,91.33333587646484,91.4000015258789,90.26000213623047,90.61333465576172,90.40666961669922,90.92666625976562,90.68000030517578,90.33333587646484,90.94666290283203,91.1066665649414,90.53333282470703,90.3800048828125,91.0533218383789,90.77999877929688,90.04000091552734,89.77999877929688,90.62000274658203,90.21334075927734,91.07333374023438,90.95333862304688,90.44000244140625,90.8133316040039,90.33333587646484,90.97333526611328,90.76666259765625,91.67333984375,91.29999542236328,90.5133285522461],