{"val_acc":[82.02,83.54,83.9,83.06,83.96,86.14,87.58,86.84,86.74,86.38,85.82,87.14,86.08,84.46,87.06,87.16,87.54,87.12,87.42,87.82,87.28,87.12,88.0,86.78,88.08,88.4,87.76,86.72,86.34,88.24,88.26,87.3,88.22,85.7,88.84,87.72,87.42,88.36,88.4,87.06,87.88,87.12,86.66,87.62,88.0,88.08,88.7,87.28,87.68,89.12,87.64,88.7,88.26,88.44,88.78,88.78,87.86,88.34,88.84,86.66,91.76,92.44,92.14,92.1,92.44,92.48,92.18,92.4,92.62,92.8,92.9,92.54,92.58,92.86,92.38,92.56,92.48,91.96,92.52,92.8,92.52,92.44,92.34,92.64,92.32,92.56,92.42,92.44,92.44,92.48,92.74,92.48,91.8,91.78,92.48,91.86,92.52,92.62,92.16,92.52,93.18,93.36,93.7,93.72,93.42,93.46,93.44,93.48,93.44,93.16,93.84,93.56,93.7,93.48,93.32,93.22,93.48,93.42,93.3,93.3,93.72,93.62,93.5,93.5,93.56,93.54,93.38,93.22,93.36,93.56,93.52,93.48,93.48,93.12,93.3,93.42,93.32,93.44,93.82,93.64,93.56,93.6,93.5,93.4,93.46,93.34,93.7,93.36,93.6,93.78,93.6,93.58,93.26,93.3,93.54,93.56,93.66,93.64,93.5,93.62,93.4,93.36,93.8,93.48,93.58,93.28,93.46,93.34,93.5,93.68,93.42,93.68,93.06,93.38,93.44,93.78,93.54,93.64,93.68,93.62,93.7,93.6,93.32,93.34,93.16,93.3,93.6,93.52,93.86,93.86,93.52,93.88,93.86,93.44,93.54,93.54,93.52,93.52,93.74,93.94,93.6,93.42,93.62,93.56,93.58,93.5,93.5,93.48,93.38,93.3,93.5,93.26,93.76,93.5,93.36,93.34,93.34,93.4,93.22,93.36,93.42,93.34,93.42,93.48,93.46,93.26,93.24,93.42,93.14,93.0,93.38,93.34,93.22,93.3,93.1,93.28,93.38,93.54,93.36,93.56],"eta_val_acc":[81.82666778564453,83.3800048828125,83.7733383178711,82.77333068847656,83.66666412353516,86.32666778564453,86.8800048828125,86.24666595458984,86.69332885742188,85.92666625976562,85.5666732788086,86.96666717529297,85.87332916259766,84.07999420166016,86.6199951171875,87.04666900634766,87.54000091552734,86.9000015258789,87.07333374023438,87.83333587646484,87.44000244140625,86.09333038330078,87.81999969482422,86.70000457763672,87.66666412353516,88.45999908447266,87.72000122070312,86.60665893554688,86.50667572021484,88.23999786376953,87.6533432006836,86.55999755859375,88.05999755859375,85.086669921875,88.62667083740234,87.45333099365234,87.1199951171875,87.42666625976562,88.47332763671875,87.36666107177734,87.6933364868164,86.69332885742188,87.04000091552734,87.02667236328125,87.66666412353516,88.07333374023438,88.42000579833984,87.14666748046875,87.5999984741211,88.92666625976562,87.33333587646484,88.27999877929688,88.1399917602539,88.15999603271484,88.52666473388672,88.6399917602539,87.5,88.14666748046875,88.94000244140625,86.2266616821289,91.7066650390625,92.26666259765625,92.0199966430664,91.75333404541016,92.4333267211914,92.38666534423828,91.85999298095703,92.28667449951172,92.55999755859375,92.5666732788086,92.56665802001953,92.41999053955078,92.34667205810547,92.5,92.21334075927734,92.413330078125,92.32666778564453,91.9000015258789,92.27999877929688,92.50667572021484,92.0666732788086,92.35333251953125,91.96666717529297,92.55333709716797,92.086669921875,92.44000244140625,92.1066665649414,92.28665924072266,92.239990234375,92.32000732421875,92.5,92.4000015258789,91.76000213623047,91.57333374023438,92.22000122070312,91.8066635131836,92.03333282470703,92.35333251953125,91.9000015258789,92.2733383178711,93.05333709716797,93.0666732788086,93.28665924072266,93.25333404541016,93.15999603271484,93.2266616821289,93.27332305908203,93.03333282470703,93.2933349609375,92.67333221435547,93.42000579833984,93.44000244140625,93.46666717529297,93.38666534423828,93.1933364868164,93.0199966430664,93.34000396728516,93.33333587646484,93.3066635131836,93.2266616821289,93.2933349609375,93.3800048828125,92.94000244140625,93.2266616821289,93.28665924072266,93.5,93.12667083740234,93.086669921875,93.28665924072266,93.36666870117188,93.25333404541016,93.3066635131836,93.086669921875,93.22000122070312,92.90666961669922,93.2066650390625,93.14666748046875,93.23333740234375,93.54666900634766,93.45333099365234,93.16666412353516,93.22000122070312,93.11333465576172,93.37332916259766,93.16666412353516,93.04000091552734,93.42000579833984,93.260009765625,93.17333984375,93.42000579833984,93.3933334350586,93.2933349609375,92.9000015258789,93.02666473388672,93.3933334350586,93.26666259765625,93.13333129882812,93.3133316040039,93.24666595458984,93.24666595458984,93.05333709716797,93.239990234375,93.44000244140625,93.16000366210938,93.29999542236328,92.85333251953125,93.33999633789062,93.10000610351562,93.42000579833984,93.28665924072266,93.34667205810547,93.51333618164062,93.07999420166016,93.22667694091797,93.32666015625,93.25332641601562,93.2733383178711,93.40666961669922,93.28665924072266,93.42666625976562,93.42000579833984,93.17333221435547,92.8933334350586,92.88665771484375,92.92666625976562,93.12000274658203,93.5333251953125,93.14666748046875,93.61333465576172,93.51333618164062,93.26000213623047,93.22000122070312,93.3933334350586,93.31999969482422,93.41999053955078,93.05333709716797,93.12667083740234,93.1066665649414,93.413330078125,93.34667205810547,93.35999298095703,93.15332794189453,93.33333587646484,93.23999786376953,93.55999755859375,93.1199951171875,93.05999755859375,93.2066650390625,93.1199951171875,93.0199966430664,93.09334564208984,93.05333709716797,93.28665924072266,93.14666748046875,93.16666412353516,93.02667236328125,93.17999267578125,93.3933334350586,93.05333709716797,93.10000610351562,93.04666900634766,93.14666748046875,93.32000732421875,93.07999420166016,93.1399917602539,93.19998931884766,92.81999969482422,93.0,92.6866683959961,92.6866683959961,92.99332427978516,93.1933364868164,92.7266616821289,93.1866683959961,92.99332427978516,92.97332763671875,93.31999969482422,93.2733383178711,93.22000122070312,93.11333465576172],