{"val_acc":[83.02,82.56,80.16,85.6,84.98,86.66,85.04,86.48,86.34,86.28,87.5,86.52,85.52,85.84,87.26,88.12,86.2,86.62,87.62,87.02,88.46,86.74,87.22,88.9,87.44,87.72,87.08,87.26,87.54,87.18,88.14,86.52,88.48,86.78,88.24,86.4,88.02,86.88,89.12,88.62,87.78,88.74,87.84,87.24,88.92,88.96,88.1,86.78,87.8,88.94,88.88,89.44,88.18,88.46,88.48,88.8,87.94,88.8,87.24,88.18,91.56,91.9,91.74,92.18,92.18,92.06,92.16,92.0,92.34,92.76,92.32,92.58,91.8,92.54,92.2,92.5,92.36,92.1,92.58,92.36,92.4,92.78,92.36,92.48,92.0,92.36,92.06,92.28,92.54,92.34,92.62,92.14,91.62,91.88,92.54,92.16,92.02,92.28,91.94,92.2,92.92,93.4,93.56,93.2,93.1,93.04,93.46,93.16,93.22,93.46,93.36,93.44,93.28,93.42,93.5,93.14,93.48,93.16,93.42,93.48,93.42,93.48,93.32,93.34,93.34,93.36,93.58,93.6,93.68,93.62,93.38,93.5,93.34,93.6,93.78,93.3,93.46,93.7,93.38,93.7,93.82,93.52,93.32,93.68,93.5,93.5,93.46,93.52,93.46,93.3,93.58,93.54,93.42,93.72,93.38,93.36,93.36,93.56,93.76,93.28,93.42,93.38,93.28,93.4,93.68,93.38,93.44,93.62,93.28,93.42,93.48,93.84,93.62,93.52,93.52,93.44,93.26,93.14,93.5,93.56,93.52,93.78,93.62,93.32,93.42,93.84,93.54,93.26,93.62,93.58,93.46,93.28,93.58,93.62,93.38,93.62,93.5,93.76,93.8,93.66,93.56,93.42,93.74,94.12,93.58,93.22,93.26,93.32,93.58,93.46,93.62,93.44,93.26,93.34,93.44,93.56,93.68,93.62,93.5,93.54,93.72,93.88,93.64,93.62,93.78,93.72,93.22,93.56,93.12,93.56,93.62,93.18,93.54,93.24,93.26,93.42,93.14,93.44,93.66,93.7],"eta_val_acc":[81.29999542236328,81.6933364868164,80.04000091552734,84.37999725341797,84.1399917602539,85.95333862304688,84.36666870117188,85.46666717529297,85.6399917602539,85.50666046142578,86.84000396728516,85.6533432006836,85.20000457763672,85.37332916259766,86.72000122070312,87.7266616821289,85.83333587646484,85.75332641601562,86.76666259765625,86.54666900634766,87.8800048828125,85.68000030517578,86.75333404541016,88.4800033569336,86.78665924072266,87.0199966430664,86.913330078125,86.35333251953125,86.96666717529297,86.913330078125,86.413330078125,85.26667022705078,87.62000274658203,85.9866714477539,87.52667236328125,85.95333099365234,86.92666625976562,86.1399917602539,88.52667236328125,87.5999984741211,87.12667083740234,87.8600082397461,87.36666870117188,86.34000396728516,88.29999542236328,88.19332885742188,87.71334075927734,86.3800048828125,87.12000274658203,88.18000030517578,88.6933364868164,88.35333251953125,87.46666717529297,86.82666778564453,88.12000274658203,87.99332427978516,87.23332977294922,88.27999877929688,87.2733383178711,87.95333862304688,91.27999877929688,91.6066665649414,91.52667236328125,90.86666870117188,91.45333862304688,91.49333953857422,91.7066650390625,91.48666381835938,91.9333267211914,92.0,91.90666961669922,92.01333618164062,91.83999633789062,91.87332916259766,91.6399917602539,91.94666290283203,92.05333709716797,91.60000610351562,92.0,91.50667572021484,91.66666412353516,92.07999420166016,91.57333374023438,92.13333129882812,91.9800033569336,92.03333282470703,91.5199966430664,91.85333251953125,91.54666900634766,91.65999603271484,92.17999267578125,91.77999877929688,90.92666625976562,90.94666290283203,91.72000122070312,91.44666290283203,91.38666534423828,91.37332916259766,91.11333465576172,90.99332427978516,92.3933334350586,92.57333374023438,92.84667205810547,92.45999908447266,92.47333526611328,92.59333038330078,92.80001068115234,92.40666961669922,92.7066650390625,92.54000091552734,92.3600082397461,93.0,92.83333587646484,92.65999603271484,93.02667236328125,92.66000366210938,92.66000366210938,92.3066635131836,92.89999389648438,92.86666870117188,93.08000946044922,92.75333404541016,92.00667572021484,92.5999984741211,92.7733383178711,92.92000579833984,93.05333709716797,92.80667114257812,93.0133285522461,93.0999984741211,92.82666778564453,92.6866683959961,92.57333374023438,92.9866714477539,92.7933349609375,92.50666046142578,92.44000244140625,92.54000091552734,92.8066635131836,92.72000122070312,92.80001068115234,92.9000015258789,92.5199966430664,92.94000244140625,92.98666381835938,93.02667236328125,93.0133285522461,92.67333221435547,92.92000579833984,92.65999603271484,93.13333892822266,92.83333587646484,92.62000274658203,92.84000396728516,92.52667236328125,92.37999725341797,92.7266616821289,92.78667449951172,92.77999877929688,92.33333587646484,92.64666748046875,93.086669921875,92.7266616821289,92.62667083740234,92.6866683959961,92.86666870117188,92.68000030517578,92.73999786376953,92.64666748046875,92.5199966430664,92.913330078125,93.26666259765625,92.57332611083984,92.6933364868164,92.55999755859375,92.86666870117188,92.54666900634766,92.52667236328125,92.63333129882812,93.0,92.7933349609375,92.83999633789062,92.44666290283203,92.67333221435547,92.92000579833984,92.75333404541016,93.0,92.7266616821289,92.7733383178711,93.0133285522461,92.5133285522461,92.74666595458984,92.37332916259766,92.6866683959961,92.49332427978516,92.77999877929688,92.74666595458984,93.00666046142578,92.8133316040039,92.84667205810547,92.71334075927734,92.82666015625,92.6066665649414,93.14666748046875,92.8133316040039,92.88666534423828,92.5999984741211,92.5999984741211,92.3800048828125,92.65999603271484,92.8800048828125,92.64666748046875,92.62000274658203,92.82666015625,92.87332916259766,92.62667083740234,92.92000579833984,92.913330078125,92.5333251953125,92.49332427978516,92.97332763671875,93.04000091552734,92.7199935913086,92.62667083740234,92.9800033569336,92.72000122070312,92.5133285522461,92.52667236328125,92.25333404541016,92.67333221435547,92.8133316040039,92.57333374023438,92.6066665649414,92.73999786376953,92.62667083740234,92.80001068115234,92.44000244140625,92.76000213623047,92.83999633789062,92.84667205810547],