{"val_acc":[88.68000001220703,89.15999989013672],"eta_val_acc":[88.2733383178711,89.13333129882812],"eta_val_acc_std":[0.12055324018001556,0.0642932653427124]}