{"val_acc":[82.06,84.28,83.78,83.66,85.1,84.58,85.36,85.62,85.64,84.8,87.28,85.94,86.44,86.24,87.0,88.02,85.98,86.36,87.64,87.36,87.56,86.88,87.94,87.64,88.66,88.4,87.5,87.0,88.02,87.2,87.92,87.46,86.74,86.86,87.32,88.68,86.84,88.44,88.78,88.3,88.74,87.66,87.42,87.88,88.54,88.02,88.72,86.9,87.34,88.12,88.8,88.38,87.4,88.36,88.64,88.32,87.6,88.86,87.38,88.88,91.9,92.22,92.3,92.1,92.44,92.24,92.48,92.44,92.7,92.54,92.42,92.4,92.44,92.64,92.32,92.78,92.8,92.44,92.68,92.26,92.58,92.9,92.64,92.38,92.38,92.52,92.28,92.52,92.42,92.86,92.92,92.78,92.26,92.12,92.48,92.52,92.88,92.2,92.3,92.1,93.22,93.34,93.28,93.18,93.34,93.26,93.5,93.3,93.4,93.36,93.78,93.72,93.6,93.5,93.56,93.68,93.4,93.28,93.3,93.54,93.46,93.54,93.32,93.62,93.64,93.46,93.48,93.42,93.2,93.5,93.38,93.52,93.5,93.3,93.5,93.72,93.58,93.62,93.72,93.68,93.72,93.62,93.56,93.72,93.44,93.6,93.42,93.64,93.68,93.42,93.48,93.52,93.44,93.44,93.48,93.48,93.46,93.46,93.46,93.38,93.78,93.7,93.38,93.3,93.3,93.4,93.5,93.58,93.78,93.7,93.54,93.66,93.44,93.34,93.34,93.34,93.38,93.42,93.32,93.28,93.46,93.28,93.4,93.54,93.36,93.14,93.32,93.18,93.3,93.64,93.36,93.26,93.26,93.22,93.42,93.28,93.34,93.38,93.56,93.64,93.64,93.46,93.74,93.68,93.52,93.28,93.58,93.68,93.54,93.56,93.76,93.36,93.72,93.74,93.74,93.52,93.62,93.36,93.32,93.34,93.6,93.48,93.78,93.48,93.66,93.58,93.26,93.38,93.34,93.46,93.48,93.56,93.28,93.36,93.44,93.7,93.56,93.44,93.62,93.58],"eta_val_acc":[81.76666259765625,83.086669921875,83.35999298095703,82.1066665649414,83.7733383178711,84.12667083740234,84.34667205810547,84.13999938964844,85.03333282470703,83.54000091552734,86.13333129882812,83.76667022705078,85.72000122070312,85.55333709716797,85.42000579833984,87.24666595458984,84.04666900634766,85.31999969482422,87.04000091552734,86.5999984741211,87.0999984741211,84.72000122070312,87.38665771484375,87.07333374023438,87.83333587646484,87.7733383178711,86.2933349609375,86.42667388916016,86.95333099365234,86.1866683959961,86.6866683959961,85.9333267211914,86.00666046142578,85.45999908447266,86.27999877929688,88.16000366210938,86.16666412353516,86.44000244140625,88.07999420166016,87.4333267211914,88.4000015258789,86.6866683959961,86.6066665649414,86.86666870117188,87.88666534423828,87.57999420166016,87.60000610351562,85.74666595458984,86.913330078125,87.586669921875,87.65332794189453,87.23333740234375,86.40666961669922,87.3600082397461,87.8066635131836,87.50666046142578,86.2199935913086,88.66000366210938,86.1533432006836,88.09333038330078,91.31999969482422,91.63333129882812,91.48666381835938,91.17333221435547,92.05333709716797,91.57999420166016,91.6533432006836,91.7266616821289,92.20000457763672,91.90666961669922,91.90666961669922,92.0999984741211,91.95333862304688,91.9800033569336,91.62667083740234,91.93334197998047,91.84000396728516,91.72000122070312,91.96666717529297,91.70000457763672,91.2266616821289,91.57333374023438,91.71334075927734,91.76666259765625,91.6066665649414,91.5666732788086,91.7199935913086,91.90666961669922,91.04666137695312,91.8066635131836,91.8066635131836,92.4800033569336,91.45333862304688,91.586669921875,91.45333862304688,91.27999877929688,91.76666259765625,91.7266616821289,91.35999298095703,91.0999984741211,92.40666961669922,92.57333374023438,92.75332641601562,92.74666595458984,92.74666595458984,92.54666900634766,92.63333892822266,92.7733383178711,92.66666412353516,92.29999542236328,92.63333129882812,92.87999725341797,93.086669921875,92.73333740234375,92.87332916259766,92.5999984741211,92.7066650390625,92.44666290283203,92.913330078125,92.85333251953125,93.05333709716797,92.6866683959961,92.239990234375,92.52666473388672,92.6199951171875,92.83999633789062,92.87332916259766,92.586669921875,92.6399917602539,92.92666625976562,92.79999542236328,92.4000015258789,92.70000457763672,92.9866714477539,92.69332885742188,92.67999267578125,92.42666625976562,92.5666732788086,92.62667083740234,92.73999786376953,92.48666381835938,93.0999984741211,92.6199951171875,92.6933364868164,92.8133316040039,92.66000366210938,92.44666290283203,92.7266616821289,92.68000030517578,92.73333740234375,92.76000213623047,92.6866683959961,92.29999542236328,92.586669921875,92.47332763671875,92.59334564208984,92.0666732788086,92.7400131225586,92.52667236328125,92.42000579833984,92.7066650390625,92.73999786376953,92.7066650390625,92.55333709716797,92.913330078125,92.48666381835938,92.82000732421875,92.63333129882812,92.95999908447266,92.71332550048828,92.75333404541016,93.2266616821289,92.45333099365234,92.42666625976562,92.5666732788086,92.6399917602539,92.99333953857422,92.5133285522461,92.63333129882812,92.7733383178711,92.76666259765625,92.83333587646484,92.54666900634766,92.7066650390625,92.5666732788086,92.29999542236328,92.49333953857422,92.13333129882812,92.62667083740234,92.87332916259766,92.1199951171875,92.45999908447266,92.2933349609375,92.3133316040039,92.29999542236328,92.44666290283203,92.57333374023438,92.7733383178711,92.71334075927734,92.5666732788086,92.68000030517578,92.25333404541016,92.71334075927734,92.65332794189453,92.75333404541016,92.6199951171875,92.36666870117188,92.38666534423828,92.87999725341797,92.6399917602539,92.413330078125,92.44000244140625,92.7933349609375,92.9800033569336,92.98666381835938,92.413330078125,92.59333038330078,92.55999755859375,92.55333709716797,92.51333618164062,92.59333038330078,92.9800033569336,92.57999420166016,92.4000015258789,93.04666137695312,92.74666595458984,92.37332916259766,92.57999420166016,92.5199966430664,92.77999877929688,92.70000457763672,92.46666717529297,92.42000579833984,92.73332977294922,92.45333862304688,92.84000396728516,92.2733383178711,92.71334075927734,92.73333740234375,92.586669921875],