{"val_acc":[84.84000001220703,86.25999995117188],"eta_val_acc":[84.76000213623047,86.0666732788086],"eta_val_acc_std":[0.27784866094589233,0.28094959259033203]}