{"val_acc":[77.10000001220703,80.4400000366211,81.76000001220703,82.45999995117188,83.37999986572265,83.27999996337891,84.07999998779297,83.9399998779297,85.02000001220703,84.95999997558594,84.8799999633789,84.43999990234374,84.65999986572265,84.25999997558594,85.75999998779297,85.43999996337891,85.69999991455079,83.84000002441407,85.97999995117188,84.92000004882813,85.91999987792968,86.14,85.63999996337891,86.57999990234374,85.9399999267578,86.55999987792968,86.37999997558593,86.15999998779297,86.1599999267578,86.25999997558594,86.43999998779297,86.41999998779296,86.29999998779297,86.68,86.39999991455078,86.85999998779297,86.25999998779297,86.37999987792969,85.67999991455078,86.83999989013672,86.60000002441406,86.74],"eta_val_acc":[77.0999984741211,80.44000244140625,81.76000213623047,82.45999908447266,83.37999725341797,83.27999877929688,84.08000183105469,83.94000244140625,85.0199966430664,84.95999908447266,84.87999725341797,84.44000244140625,84.66000366210938,84.26000213623047,85.76000213623047,85.44000244140625,85.69998931884766,83.83999633789062,85.9800033569336,84.91999816894531,85.92000579833984,86.1399917602539,85.6399917602539,86.57999420166016,85.94000244140625,86.55999755859375,86.37999725341797,86.16000366210938,86.16000366210938,86.26000213623047,86.44000244140625,86.42000579833984,86.30001068115234,86.68000030517578,86.4000015258789,86.8600082397461,86.26000213623047,86.37999725341797,85.68000030517578,86.83999633789062,86.5999984741211,86.73999786376953],"eta_val_acc_std":[0.0,0.0,0.0,0.0,0.0,0.0,0.0,0.0,0.0,0.0,0.0,0.0,0.0,0.0,0.0,0.0,9.344062164018396e-6,0.0,0.0,0.0,9.344062164018396e-6,9.344062164018396e-6,9.344062164018396e-6,9.344062164018396e-6,0.0,0.0,0.0,0.0,0.0,0.0,0.0,9.344062164018396e-6,9.344062164018396e-6,0.0,0.0,9.344062164018396e-6,0.0,0.0,0.0,0.0,0.0,0.0]}