{"val_acc":[3.759999996185303,6.580000003051758],"eta_val_acc":[3.759999990463257,6.579999923706055],"eta_val_acc_std":[0.0,0.0]}