{"val_acc":[58.7,61.36,64.66,61.36,62.1,65.48,68.68,68.06,70.34,69.26,69.12,70.42,71.16,70.0],"eta_val_acc":[56.95333480834961,60.439998626708984,63.03999710083008,60.413333892822266,61.233333587646484,64.40666961669922,67.31999969482422,67.79999542236328,70.22000122070312,67.47332763671875,67.63999938964844,69.58000183105469,69.57333374023438,69.86666107177734],"eta_val_acc_std":[0.567216157913208,1.0243048667907715,1.0376896858215332,1.110735535621643,0.43189534544944763,1.365038514137268,0.5370312333106995,0.38574615120887756,0.3666069507598877,1.3268537521362305,1.9194787740707397,0.5377733111381531,1.7894538640975952,0.46057847142219543]}