{"val_acc":[81.98],"eta_val_acc":[80.84667205810547],"eta_val_acc_std":[0.14468370378017426]}