{"val_acc":[86.58000002441406,89.19999992675781],"eta_val_acc":[86.14000701904297,89.18000030517578],"eta_val_acc_std":[0.7947336435317993,0.3417603671550751]}