{"val_acc":[88.89999992675781,89.63999998779298],"eta_val_acc":[88.62000274658203,89.2933349609375],"eta_val_acc_std":[0.12489915639162064,0.18147580325603485]}