{"val_acc":[84.79999991455078,86.99999986572266],"eta_val_acc":[84.95999908447266,86.74666595458984],"eta_val_acc_std":[0.19078901410102844,0.1418914645910263]}