{"val_acc":[86.8800000366211,87.62000002441407],"eta_val_acc":[86.76666259765625,87.7933349609375],"eta_val_acc_std":[0.36074063181877136,0.2837829291820526]}