{"val_acc":[81.02,83.64,83.06,84.98,85.56,86.08,85.6,85.88,87.5,86.12,86.52,85.86,86.18,84.46,87.18,88.68,88.06,87.26,87.68,87.1,87.7,85.78,87.88,88.46,88.26,88.56,88.16,84.98,87.88,87.68,88.12,88.02,87.06,86.8,88.18,88.32,87.62,88.2,88.96,89.12,88.82,88.14,87.72,88.36,88.82,87.92,88.82,88.28,88.08,89.08,88.8,89.96,86.8,88.18,89.14,88.64,88.02,88.82,88.94,88.88,91.68,91.98,92.18,91.8,92.34,92.1,92.46,92.26,92.36,91.96,92.16,92.44,92.32,92.3,92.2,92.54,92.4,91.9,92.62,92.34,92.64,92.24,91.78,91.86,92.78,92.22,92.24,92.1,92.34,92.64,92.66,92.52,92.08,92.14,92.36,92.02,92.06,92.26,92.2,91.96,93.1,93.08,93.36,93.3,93.32,93.18,93.3,93.14,93.3,93.12,93.22,93.36,93.3,93.26,93.5,93.48,93.38,93.36,93.76,93.1,93.46,93.32,93.42,93.24,93.38,93.38,93.38,93.4,93.44,93.32,93.46,93.76,93.38,93.58,93.48,93.38,93.1,93.34,93.4,93.6,93.34,93.44,93.26,93.54,93.56,93.48,93.36,93.62,93.42,93.36,93.54,93.62,93.32,93.38,93.32,93.44,93.64,93.42,93.38,93.36,93.6,93.26,93.4,93.52,93.68,93.46,93.64,93.36,93.48,93.58,93.66,93.78,93.5,93.66,93.58,93.56,93.6,93.6,93.64,93.62,93.92,93.44,93.38,93.48,93.66,93.84,93.46,93.66,93.64,93.34,93.72,93.44,93.56,93.58,93.7,93.52,93.48,93.66,93.68,93.66,93.46,93.28,93.46,93.62,93.72,93.74,93.58,93.54,93.62,93.66,93.9,93.6,93.46,93.36,93.58,93.24,93.7,93.86,93.26,93.44,93.66,93.56,93.38,93.02,93.38,93.2,93.26,93.38,93.52,93.52,93.72,93.6,93.4,93.1,93.34,93.44,94.0,93.46,93.68,93.46],"eta_val_acc":[79.23332977294922,82.96666717529297,81.29999542236328,83.92000579833984,84.35334014892578,84.7066650390625,84.913330078125,83.25333404541016,86.09333038330078,84.47333526611328,84.65333557128906,83.59333038330078,84.63333892822266,82.12667083740234,85.75333404541016,88.05333709716797,86.61333465576172,85.50667572021484,86.54000091552734,85.59332275390625,86.82666015625,82.94000244140625,87.14666748046875,87.7733383178711,86.95999908447266,87.96666717529297,87.38666534423828,82.33333587646484,86.9866714477539,87.44666290283203,86.37332916259766,86.64666748046875,85.83999633789062,84.40666961669922,86.9800033569336,87.36666870117188,86.48666381835938,87.02666473388672,88.08666229248047,87.85333251953125,88.1199951171875,86.92000579833984,86.66666412353516,87.05333709716797,87.76666259765625,87.2199935913086,87.05999755859375,87.7066650390625,87.02666473388672,88.05333709716797,86.77332305908203,88.6199951171875,85.49332427978516,87.11333465576172,88.13333129882812,87.5999984741211,86.586669921875,88.26000213623047,87.42666625976562,87.26000213623047,90.99333953857422,91.05333709716797,91.3133316040039,89.94000244140625,91.47332763671875,91.07333374023438,91.0999984741211,91.35333251953125,91.55999755859375,91.25333404541016,91.1866683959961,91.68000030517578,91.67333221435547,91.33333587646484,91.35333251953125,90.95999908447266,91.45333099365234,90.4333267211914,91.66666412353516,90.7933349609375,90.95999908447266,91.2266616821289,90.4000015258789,91.2066650390625,91.49332427978516,91.3600082397461,91.1199951171875,91.26667022705078,90.65999603271484,91.8066635131836,91.3800048828125,91.7066650390625,90.54666900634766,90.65999603271484,91.36666870117188,91.14666748046875,90.55333709716797,91.51333618164062,90.83333587646484,90.87332916259766,91.9666748046875,92.33999633789062,92.33333587646484,92.28667449951172,92.23332977294922,92.15999603271484,92.49332427978516,91.76666259765625,92.07999420166016,91.77999877929688,91.95999908447266,92.36666870117188,92.6933364868164,92.2066650390625,92.42000579833984,91.87332916259766,92.14666748046875,91.73333740234375,92.24666595458984,91.8600082397461,92.57999420166016,92.13333129882812,91.73999786376953,91.8800048828125,92.5199966430664,92.16000366210938,92.33333587646484,92.42000579833984,92.37332916259766,92.55999755859375,92.4800033569336,92.18000030517578,91.97333526611328,92.44666290283203,92.17333221435547,92.21334075927734,91.87332916259766,92.00667572021484,92.16666412353516,92.3933334350586,91.72000122070312,92.64000701904297,92.04666900634766,92.63333129882812,92.68000030517578,92.31999969482422,92.1199951171875,91.81999969482422,92.2933349609375,92.34667205810547,92.53333282470703,92.53333282470703,91.8133316040039,92.25333404541016,91.99332427978516,92.18000030517578,91.79999542236328,92.16666412353516,92.16666412353516,92.07999420166016,92.0,92.44000244140625,92.04000091552734,92.27999877929688,92.0133285522461,91.7933349609375,92.33333587646484,92.54000091552734,92.4000015258789,92.57333374023438,92.5666732788086,92.63333129882812,92.1866683959961,92.1533432006836,92.40666961669922,92.31999969482422,92.36666870117188,92.2733383178711,92.27999877929688,92.54666900634766,92.82000732421875,92.52667236328125,91.53333282470703,92.20000457763672,92.44000244140625,92.413330078125,92.1199951171875,92.28667449951172,92.54000091552734,92.44666290283203,91.92000579833984,91.95333099365234,91.92666625976562,92.44666290283203,91.93334197998047,92.2733383178711,92.35333251953125,92.7066650390625,91.98666381835938,92.07333374023438,92.086669921875,92.0333251953125,91.94000244140625,92.48666381835938,92.0133285522461,92.4000015258789,91.95333099365234,91.85333251953125,92.05999755859375,92.32666778564453,92.16000366210938,91.76666259765625,92.3933334350586,92.37332916259766,92.1866683959961,92.17333221435547,92.3066635131836,92.34000396728516,91.98666381835938,92.11333465576172,92.55999755859375,92.27999877929688,91.87332916259766,92.2266616821289,92.28667449951172,91.7933349609375,91.50666046142578,91.92666625976562,91.7733383178711,92.07999420166016,92.05333709716797,92.17333221435547,91.5666732788086,92.24666595458984,92.07999420166016,92.2066650390625,92.17333221435547,92.55999755859375,92.55999755859375,92.17333984375],