{"val_acc":[82.6,82.82,81.26,84.24,84.08,85.5,85.4,85.9,86.56,85.78,87.4,87.9,85.98,86.94,87.98,88.06,86.54,86.62,87.34,87.8,87.62,86.34,88.12,88.04,88.26,88.22,86.66,84.88,86.42,88.58,87.46,87.58,88.22,87.2,88.7,88.8,87.88,88.34,87.14,88.84,87.54,87.08,87.62,86.76,88.58,88.82,89.06,87.26,87.5,89.04,88.4,88.5,86.48,89.28,87.9,89.1,87.98,87.12,87.48,88.14,92.04,92.48,92.1,92.36,92.42,92.06,92.2,92.32,93.02,92.3,92.58,92.34,92.6,92.7,92.58,92.34,92.3,92.16,92.3,92.54,92.58,92.64,92.74,92.36,92.28,92.66,92.44,92.58,92.6,92.9,92.36,92.82,92.24,92.22,92.44,92.7,92.24,92.04,92.12,91.96,92.98,93.3,93.5,93.48,93.46,93.44,93.42,93.46,93.54,93.56,93.46,93.74,93.72,93.54,93.8,93.56,93.9,93.74,93.72,93.42,93.74,93.56,93.54,93.76,93.22,93.48,93.58,93.66,93.54,93.46,94.12,93.72,93.74,93.78,93.66,93.44,93.64,93.44,93.78,93.74,93.54,93.36,93.34,93.66,93.6,93.44,93.46,93.64,93.72,93.46,93.7,93.56,93.48,94.0,93.48,93.96,93.54,93.7,93.18,93.5,93.56,93.74,93.76,93.5,93.82,93.72,93.46,93.66,93.6,93.64,93.7,93.82,93.76,93.78,93.8,93.3,93.32,93.58,93.58,93.8,93.36,93.52,93.34,93.72,93.58,93.56,93.28,93.32,93.44,93.8,93.56,93.52,93.66,93.54,93.8,93.52,93.72,93.54,93.46,93.26,93.7,93.34,93.48,93.62,93.72,93.32,93.62,93.72,93.62,93.34,93.46,93.3,92.98,93.74,93.42,93.48,93.84,93.3,93.34,93.18,93.44,93.48,93.54,93.42,93.5,93.26,93.12,93.34,93.3,93.44,93.44,93.52,93.38,93.28,93.74,93.42,93.74,93.36,93.58,93.6],"eta_val_acc":[81.79999542236328,82.42666625976562,80.76000213623047,83.66666412353516,83.37332916259766,85.12667083740234,84.9866714477539,85.26666259765625,86.2933349609375,85.2066650390625,86.87999725341797,87.23333740234375,85.9000015258789,86.55999755859375,86.82666778564453,87.85999298095703,86.13333129882812,86.38666534423828,87.04000091552734,87.2933349609375,87.73999786376953,85.03333282470703,87.93334197998047,87.54000091552734,87.72000122070312,87.95999908447266,86.00666046142578,84.8600082397461,86.20000457763672,88.55999755859375,86.9000015258789,87.0,87.99332427978516,86.44666290283203,88.26666259765625,88.57999420166016,87.53333282470703,87.7933349609375,87.04000091552734,88.74666595458984,86.73332977294922,86.8133316040039,87.54000091552734,86.20000457763672,88.33333587646484,88.76000213623047,88.98666381835938,86.7933349609375,86.83333587646484,88.8133316040039,87.413330078125,87.64000701904297,86.30667114257812,88.4800033569336,87.5,88.51333618164062,87.72000122070312,86.7266616821289,87.1933364868164,88.02667236328125,91.85333251953125,91.84000396728516,91.83333587646484,91.5666732788086,92.14666748046875,91.85999298095703,91.77999877929688,91.78665924072266,92.5999984741211,91.77999877929688,92.11333465576172,91.8933334350586,92.09334564208984,92.15332794189453,92.15332794189453,92.00667572021484,92.03333282470703,91.97332763671875,91.94000244140625,92.1066665649414,91.83333587646484,92.13333129882812,92.09333038330078,92.08666229248047,92.33333587646484,92.07999420166016,92.02666473388672,92.2266616821289,91.97333526611328,92.57333374023438,91.95999908447266,92.6399917602539,91.9800033569336,91.85333251953125,92.25333404541016,92.22000122070312,91.79999542236328,91.8800048828125,91.413330078125,91.33333587646484,92.63333129882812,92.95333862304688,93.0,93.18000030517578,92.9800033569336,93.11333465576172,93.14666748046875,93.3133316040039,93.30667114257812,92.7266616821289,93.14000701904297,93.26666259765625,93.54666137695312,93.05333709716797,93.45999908447266,93.2066650390625,93.42000579833984,93.0199966430664,93.46666717529297,93.04666137695312,93.26666259765625,92.99332427978516,92.95999908447266,93.1933364868164,93.0999984741211,93.32000732421875,93.33333587646484,93.19332885742188,93.14666748046875,93.27999877929688,93.35333251953125,93.12667083740234,93.21334075927734,93.2933349609375,93.26000213623047,92.9000015258789,92.94666290283203,93.086669921875,93.12667083740234,93.1933364868164,93.24666595458984,92.96666717529297,92.9333267211914,93.40666961669922,93.21334075927734,93.22000122070312,93.3066635131836,93.1866683959961,93.2933349609375,93.1933364868164,93.3933334350586,93.19332885742188,92.87334442138672,93.38666534423828,92.9866714477539,93.42000579833984,92.9866714477539,93.33333587646484,93.1199951171875,93.05999755859375,93.17333984375,93.33333587646484,93.44666290283203,93.05999755859375,93.1866683959961,93.26000213623047,93.25333404541016,93.21334075927734,93.2066650390625,93.0333251953125,93.44000244140625,93.61333465576172,93.32666015625,93.4333267211914,93.3133316040039,93.15999603271484,93.1933364868164,93.17999267578125,92.88666534423828,93.23999786376953,93.07333374023438,93.0999984741211,92.83333587646484,93.18000030517578,92.96666717529297,92.91333770751953,93.11333465576172,93.12667083740234,93.24666595458984,93.05333709716797,93.03333282470703,92.99333953857422,93.1533432006836,93.1199951171875,93.05333709716797,92.92000579833984,93.14666748046875,93.17333221435547,93.0133285522461,92.72000122070312,93.23999786376953,92.73333740234375,93.0199966430664,93.11333465576172,93.14666748046875,93.01333618164062,93.18000030517578,93.16666412353516,93.3066635131836,93.15999603271484,93.05333709716797,92.913330078125,92.70000457763672,93.44000244140625,93.2266616821289,92.95999908447266,93.15332794189453,93.19998931884766,92.85333251953125,92.57333374023438,93.26666259765625,93.11333465576172,92.8800048828125,92.9800033569336,93.0999984741211,92.86666870117188,92.65332794189453,92.72000122070312,93.0199966430664,93.1199951171875,93.26000213623047,92.96666717529297,92.67333984375,93.04000091552734,93.2066650390625,93.07333374023438,93.12667083740234,92.92000579833984,93.1199951171875,93.086669921875],