{"val_acc":[87.77999990234375,88.59999987792969],"eta_val_acc":[87.61333465576172,88.50667572021484],"eta_val_acc_std":[0.11015047132968903,0.3074619174003601]}