{"val_acc":[88.26000004882812,89.05999997558594],"eta_val_acc":[88.04000091552734,88.73333740234375],"eta_val_acc_std":[0.12165489792823792,0.13316425681114197]}