{"val_acc":[88.86000002441406,88.93999997558593],"eta_val_acc":[88.50666046142578,88.73333740234375],"eta_val_acc_std":[0.34195733070373535,0.2837829291820526]}