{"val_acc":[84.39999990234375,87.45999998779297],"eta_val_acc":[82.58666229248047,84.67333221435547],"eta_val_acc_std":[1.431968092918396,1.10640549659729]}