{"val_acc":[31.9,42.14,47.46,52.2,59.84,66.28,65.0,68.9,70.68,71.34,71.9,76.78,76.3,74.7,78.36,73.8,79.22,75.14,80.06,78.38,73.68,81.02,78.56,77.7,79.04,80.04,74.94,77.02,81.34,81.24,80.28,80.28,79.8,80.96,79.52,80.46,79.94,81.62,79.76,81.74,81.92,82.24,79.4,78.88,77.12,82.74,81.24,78.7,80.18,79.22,79.16,82.12,81.26,81.56,82.98,80.58,77.84,82.98,80.48,78.9,88.82,88.56,89.06,89.64,89.44,89.84,89.0,89.54,88.42,88.18,89.04,89.9,88.7,89.1,88.78,89.62,89.0,89.72,89.28,89.16,88.68,89.44,90.12,88.82,88.74,87.98,89.0,89.06,89.52,90.54,88.72,88.56,88.44,89.38,87.78,88.8,89.68,88.96,89.36,89.54,90.0,89.3,89.98,90.06,89.56,88.46,89.46,89.4,89.32,90.02,88.52,89.9,89.3,89.7,88.3,90.06,89.0,89.04,88.8,88.8,91.92,92.04,92.4,92.68,92.48,92.68,92.42,93.0,92.74,92.54,92.96,92.64,92.52,92.56,93.18,92.7,92.96,92.56,93.02,92.86,92.76,92.76,92.56,92.48,92.96,92.34,92.76,92.74,92.96,92.86,92.66,92.5,92.48,92.7,92.52,92.44,92.38,92.56,92.48,92.5,93.3,93.2,93.26,93.36,93.5,93.5,93.4,93.58,93.62,93.42,93.7,93.78,93.62,93.44,93.34,93.4,93.54,93.76,93.9,93.58,93.32,93.46,93.34,93.32,93.22,93.82,93.58,93.6,93.46,93.52,93.32,93.24,93.28,93.68,93.64,93.44,93.26,93.62,93.58,93.26,93.6,93.3,93.44,93.56,93.48,93.48,93.6,93.44,93.58,93.74,93.76,93.38,93.54,93.76,93.58,93.14,93.42,93.34,93.44,93.44,93.44,93.58,93.48,93.74,93.7,93.76,93.48,93.48,93.52,93.22,93.42,93.1,93.22,93.36,93.32,93.52,93.68,93.26,93.2,93.6,93.64,93.36,93.54,93.48,93.44,93.7,93.3,93.46,93.42,93.32,93.28,93.42,93.18,93.24,93.1,93.36,93.4,93.4,93.08,93.68,93.26,93.26,93.48,93.14,93.58,93.34,93.58,93.18,93.42,93.14,93.02,93.08,93.42,93.32,93.18,93.34,93.52,93.34,93.46,93.36,93.44,93.28,93.82,93.6,93.3,93.16,93.52,93.44,93.4,93.62,93.36,93.22,93.5,93.48,93.28,93.22,93.52,93.62,93.48,93.34],"eta_val_acc":[31.899999618530273,42.13999938964844,47.46000289916992,52.20000076293945,59.84000015258789,66.27999877929688,65.0,68.9000015258789,70.68000030517578,71.33999633789062,71.9000015258789,76.77999877929688,76.30000305175781,74.69999694824219,78.36000061035156,73.80000305175781,79.22000122070312,75.13999938964844,80.05999755859375,78.37999725341797,73.68000030517578,81.0199966430664,78.55999755859375,77.69999694824219,79.04000091552734,80.04000091552734,74.94000244140625,77.0199966430664,81.33999633789062,81.23999786376953,80.27999877929688,80.27999877929688,79.80000305175781,80.95999908447266,79.5199966430664,80.45999908447266,79.94000244140625,81.62000274658203,79.76000213623047,81.73999786376953,81.91999816894531,82.23999786376953,79.4000015258789,78.87999725341797,77.12000274658203,82.73999786376953,81.23999786376953,78.69999694824219,80.18000030517578,79.22000122070312,79.16000366210938,82.12000274658203,81.26000213623047,81.55999755859375,82.9800033569336,80.58000183105469,77.83999633789062,82.9800033569336,80.4800033569336,78.9000015258789,88.81999969482422,88.55999755859375,89.05999755859375,89.6399917602539,89.44000244140625,89.83999633789062,89.0,89.54000091552734,88.42000579833984,88.18000030517578,89.04000091552734,89.9000015258789,88.69998931884766,89.0999984741211,88.77999877929688,89.62000274658203,89.0,89.72000122070312,89.27999877929688,89.16000366210938,88.68000030517578,89.44000244140625,90.12000274658203,88.81999969482422,88.73999786376953,87.9800033569336,89.0,89.05999755859375,89.5199966430664,90.54000091552734,88.72000122070312,88.55999755859375,88.44000244140625,89.37999725341797,87.77999877929688,88.80001068115234,89.68000030517578,88.95999908447266,89.3600082397461,89.54000091552734,90.0,89.30001068115234,89.9800033569336,90.05999755859375,89.55999755859375,88.45999908447266,89.45999908447266,89.4000015258789,89.31999969482422,90.0199966430664,88.5199966430664,89.9000015258789,89.30001068115234,89.69998931884766,88.30001068115234,90.05999755859375,89.0,89.04000091552734,88.80001068115234,88.80001068115234,91.92000579833984,92.04000091552734,92.4000015258789,92.68000030517578,92.4800033569336,92.68000030517578,92.42000579833984,93.0,92.73999786376953,92.54000091552734,92.95999908447266,92.6399917602539,92.5199966430664,92.55999755859375,93.18000030517578,92.69998931884766,92.95999908447266,92.55999755859375,93.0199966430664,92.8600082397461,92.76000213623047,92.76000213623047,92.55999755859375,92.4800033569336,92.95999908447266,92.33999633789062,92.76000213623047,92.73999786376953,92.95999908447266,92.8600082397461,92.66000366210938,92.5,92.4800033569336,92.69998931884766,92.5199966430664,92.44000244140625,92.37999725341797,92.55999755859375,92.4800033569336,92.5,93.30001068115234,93.19998931884766,93.26000213623047,93.3600082397461,93.5,93.5,93.4000015258789,93.57999420166016,93.62000274658203,93.42000579833984,93.69998931884766,93.77999877929688,93.62000274658203,93.44000244140625,93.33999633789062,93.4000015258789,93.54000091552734,93.76000213623047,93.9000015258789,93.57999420166016,93.31999969482422,93.45999908447266,93.33999633789062,93.31999969482422,93.22000122070312,93.81999969482422,93.57999420166016,93.5999984741211,93.45999908447266,93.5199966430664,93.31999969482422,93.23999786376953,93.27999877929688,93.68000030517578,93.6399917602539,93.44000244140625,93.26000213623047,93.62000274658203,93.57999420166016,93.26000213623047,93.5999984741211,93.30001068115234,93.44000244140625,93.55999755859375,93.4800033569336,93.4800033569336,93.5999984741211,93.44000244140625,93.57999420166016,93.73999786376953,93.76000213623047,93.37999725341797,93.54000091552734,93.76000213623047,93.57999420166016,93.1399917602539,93.42000579833984,93.33999633789062,93.44000244140625,93.44000244140625,93.44000244140625,93.57999420166016,93.4800033569336,93.73999786376953,93.69998931884766,93.76000213623047,93.4800033569336,93.4800033569336,93.5199966430664,93.22000122070312,93.42000579833984,93.0999984741211,93.22000122070312,93.3600082397461,93.31999969482422,93.5199966430664,93.68000030517578,93.26000213623047,93.19998931884766,93.5999984741211,93.6399917602539,93.3600082397461,93.54000091552734,93.4800033569336,93.44000244140625,93.69998931884766,93.30001068115234,93.45999908447266,93.42000579833984,93.31999969482422,93.27999877929688,93.42000579833984,93.18000030517578,93.23999786376953,93.0999984741211,93.3600082397461,93.4000015258789,93.4000015258789,93.07999420166016,93.68000030517578,93.26000213623047,93.26000213623047,93.4800033569336,93.1399917602539,93.57999420166016,93.33999633789062,93.57999420166016,93.18000030517578,93.42000579833984,93.1399917602539,93.0199966430664,93.07999420166016,93.42000579833984,93.31999969482422,93.18000030517578,93.33999633789062,93.5199966430664,93.33999633789062,93.45999908447266,93.3600082397461,93.44000244140625,93.27999877929688,93.81999969482422,93.5999984741211,93.30001068115234,93.16000366210938,93.5199966430664,93.44000244140625,93.4000015258789,93.62000274658203,93.3600082397461,93.22000122070312,93.5,93.4800033569336,93.27999877929688,93.22000122070312,93.5199966430664,93.62000274658203,93.4800033569336,93.33999633789062],