{"val_acc":[81.4,81.88,82.8,85.16,86.02,84.92,85.3,86.54,87.46,86.12,85.38,86.0,85.82,85.9,87.44,84.84,87.48,87.5,87.3,87.88,88.1,84.86,87.24,88.94,87.42,87.16,87.32,86.1,88.4,88.02,89.1,88.54,88.14,86.94,87.86,88.78,86.74,87.3,88.06,88.16,88.48,87.38,87.0,87.66,88.54,88.34,88.66,88.82,87.48,88.0,86.46,89.06,87.68,88.38,88.78,88.16,87.52,89.2,87.36,88.24,91.62,91.8,91.74,91.78,92.12,91.98,92.44,92.2,92.56,92.34,92.26,92.34,91.94,92.3,92.68,92.18,92.38,92.0,92.08,92.6,92.62,92.76,92.36,92.04,92.22,92.18,92.42,92.52,92.56,92.28,92.58,92.14,91.74,92.42,92.68,92.2,92.04,92.04,91.82,91.96,93.32,93.48,93.7,93.36,93.42,93.7,93.56,93.58,93.36,93.56,93.38,93.56,93.5,93.5,93.64,93.5,93.84,93.52,93.46,93.46,93.5,93.62,93.66,93.46,93.72,93.66,93.72,93.54,93.12,93.34,93.32,93.54,93.54,93.5,93.66,93.5,93.42,93.5,93.42,93.88,93.64,93.3,93.52,93.74,93.54,93.64,93.4,93.74,93.68,93.52,93.4,93.5,93.56,93.68,93.68,93.94,93.6,93.46,93.76,93.66,93.44,93.36,93.8,93.82,93.52,93.54,93.6,93.58,93.92,93.64,93.76,93.66,93.48,93.74,93.8,93.3,93.5,93.46,93.52,93.72,93.6,93.34,93.14,93.18,93.22,93.36,93.44,93.74,93.48,93.22,93.6,93.42,93.32,93.48,93.64,93.32,93.7,93.82,93.78,93.76,93.52,93.34,93.4,93.42,93.84,93.14,93.2,93.62,93.46,93.4,93.34,93.44,93.4,93.5,93.62,93.32,93.58,93.38,93.48,93.26,93.24,93.34,93.2,93.32,93.42,93.68,93.34,93.28,93.06,93.34,93.54,93.52,93.1,93.52,93.4,93.32,93.72,93.36,93.3,93.4],"eta_val_acc":[80.54666900634766,80.59333038330078,82.49333953857422,84.46666717529297,85.53333282470703,84.76666259765625,84.82666778564453,85.82666015625,86.45999908447266,85.42666625976562,84.65332794189453,85.2066650390625,85.2933349609375,85.32666778564453,86.83333587646484,84.93333435058594,87.17333221435547,86.95999908447266,87.09333038330078,86.97333526611328,88.14666748046875,83.07333374023438,86.70000457763672,88.6199951171875,86.6066665649414,86.4866714477539,87.14666748046875,86.01333618164062,87.9800033569336,88.21334075927734,88.00666046142578,88.14666748046875,87.85333251953125,86.1066665649414,87.37999725341797,88.57333374023438,86.32666015625,87.20000457763672,87.84000396728516,87.70000457763672,87.8600082397461,86.86666870117188,87.17333221435547,86.7199935913086,88.3466567993164,88.0999984741211,87.81999969482422,87.9666748046875,87.5199966430664,87.3800048828125,86.14666748046875,88.36666870117188,87.12667083740234,87.54000091552734,88.4000015258789,87.73333740234375,87.37999725341797,88.66000366210938,86.57333374023438,87.92666625976562,91.4000015258789,91.4000015258789,91.66666412353516,91.17333984375,92.00667572021484,91.84667205810547,92.02667236328125,91.66000366210938,92.1866683959961,91.76000213623047,91.61333465576172,92.05999755859375,91.7066650390625,91.77999877929688,92.26666259765625,92.07333374023438,92.1066665649414,91.6199951171875,91.77999877929688,92.0666732788086,91.913330078125,92.16666412353516,91.86666870117188,91.7266616821289,91.75333404541016,91.81999969482422,91.8800048828125,92.07999420166016,91.77999877929688,92.2266616821289,91.98666381835938,91.94000244140625,91.53333282470703,91.94666290283203,92.34667205810547,91.84667205810547,91.69998931884766,91.586669921875,91.40666961669922,91.2933349609375,92.99333953857422,93.25333404541016,93.34000396728516,93.18000030517578,92.95999908447266,93.1199951171875,93.15332794189453,93.16666412353516,93.13333129882812,92.54000091552734,93.02667236328125,93.32666015625,93.1933364868164,93.17333984375,93.23999786376953,93.07333374023438,93.3600082397461,93.086669921875,93.23333740234375,93.12667083740234,93.2933349609375,93.20000457763672,93.14666748046875,93.14666748046875,93.26000213623047,93.46666717529297,93.3933334350586,92.9800033569336,92.9800033569336,93.3466567993164,93.1866683959961,93.2266616821289,93.17333984375,93.04000091552734,93.14666748046875,93.0,93.00667572021484,92.97332763671875,92.94666290283203,93.28667449951172,93.21334075927734,93.086669921875,92.913330078125,93.17333984375,93.2733383178711,93.1066665649414,93.20000457763672,93.1199951171875,93.23999786376953,93.1399917602539,92.97332763671875,93.19998931884766,92.88666534423828,93.02667236328125,93.07999420166016,93.413330078125,92.94666290283203,93.05999755859375,93.26000213623047,92.94000244140625,92.92667388916016,93.05999755859375,93.16666412353516,93.1399917602539,93.25333404541016,93.22000122070312,93.22000122070312,93.04666900634766,93.3933334350586,93.29999542236328,93.3066635131836,93.42000579833984,92.88666534423828,93.16666412353516,93.17333984375,92.913330078125,92.94666290283203,93.07999420166016,93.07999420166016,93.1866683959961,92.89999389648438,92.84000396728516,92.99332427978516,92.8933334350586,93.1533432006836,93.0133285522461,93.29999542236328,92.8933334350586,93.14666748046875,92.95333862304688,92.81999969482422,93.05333709716797,92.83999633789062,93.20000457763672,93.0,92.8066635131836,93.11333465576172,93.24666595458984,93.3066635131836,92.83333587646484,93.26666259765625,93.1199951171875,92.913330078125,92.98666381835938,93.26666259765625,93.12667083740234,92.63333129882812,92.9333267211914,93.1066665649414,93.0199966430664,92.7266616821289,93.19332885742188,93.0666732788086,92.9866714477539,92.82000732421875,93.03333282470703,93.1399917602539,93.1933364868164,93.0133285522461,92.7266616821289,93.14666748046875,92.6866683959961,92.86666870117188,93.01333618164062,93.07333374023438,93.1066665649414,92.66666412353516,93.00667572021484,92.92000579833984,92.9800033569336,93.09333038330078,92.86666107177734,92.68000030517578,93.07999420166016,93.11333465576172,92.79999542236328,93.086669921875,93.04666137695312,92.9666748046875,92.85999298095703],