{"val_acc":[89.20000002441407,89.41999998779296],"eta_val_acc":[88.94000244140625,89.12667083740234],"eta_val_acc_std":[0.04000091552734375,0.07023712992668152]}