{"val_acc":[85.39999991455078,85.89999985351562,86.07999998779297],"eta_val_acc":[85.0199966430664,85.66000366210938,85.67333984375],"eta_val_acc_std":[0.21166062355041504,0.728561520576477,0.5940805673599243]}