{"val_acc":[82.72,80.08,83.58,86.08,80.58,87.22,86.24,85.38,86.68,86.42,86.58,87.36,86.46,86.0,87.12,87.32,87.1,87.0,87.2,88.16,87.58,86.12,87.98,87.84,88.42,87.58,87.68,84.98,86.32,88.1,89.34,87.88,87.54,83.18,88.64,87.92,88.12,87.06,87.62,87.4,88.76,88.2,88.48,87.42,88.88,87.86,88.74,88.16,86.44,89.48,86.96,88.7,87.8,88.84,86.82,87.8,86.4,88.94,88.46,89.0,91.6,92.16,92.24,91.94,92.14,92.1,92.32,92.14,92.44,92.38,92.34,92.48,92.04,92.32,91.96,92.08,92.2,92.38,91.98,92.14,92.38,92.52,92.02,91.82,91.66,91.94,92.14,92.34,92.12,92.4,92.42,92.12,92.2,92.34,92.6,91.64,91.42,92.48,92.02,92.22,93.04,92.96,93.06,93.34,93.12,93.12,93.3,93.06,93.16,92.96,93.14,93.12,93.28,93.08,93.06,93.2,93.44,93.22,93.34,93.06,93.3,93.24,93.44,93.3,93.26,93.5,93.1,93.5,92.98,93.32,93.58,93.58,93.48,93.3,93.08,92.88,93.24,93.5,93.48,93.48,93.44,93.24,93.12,93.42,93.54,93.48,93.3,93.28,93.66,93.6,93.8,93.44,93.52,93.54,93.3,93.32,93.7,93.64,93.28,93.48,93.36,93.44,93.44,93.28,93.36,92.98,93.36,93.36,93.66,93.68,93.6,93.54,93.7,93.74,93.36,93.64,93.62,93.76,93.54,93.54,93.64,93.68,93.36,93.52,93.66,93.64,93.32,93.58,93.5,93.78,93.84,93.68,93.78,93.94,93.78,93.44,93.56,93.56,93.84,93.18,93.68,93.62,93.36,93.52,93.58,93.54,93.7,93.16,93.48,93.32,93.72,93.62,93.76,93.7,93.32,93.26,93.88,93.46,93.12,93.42,93.2,93.16,93.48,93.48,93.62,93.58,93.12,93.32,93.3,93.32,93.38,93.38,93.56,93.58,93.42,93.24,93.68,93.74,93.42,93.52],"eta_val_acc":[82.413330078125,79.68000030517578,83.62667083740234,86.1533432006836,80.21333312988281,86.95999908447266,86.1066665649414,85.18000030517578,86.50667572021484,86.413330078125,86.45333862304688,87.09333038330078,86.21334075927734,85.95999908447266,86.95333099365234,87.35333251953125,87.03333282470703,86.586669921875,86.84000396728516,87.83999633789062,87.72000122070312,86.03333282470703,88.04666900634766,87.82666778564453,88.3133316040039,87.65999603271484,87.3800048828125,85.22000122070312,86.1933364868164,88.07333374023438,88.9800033569336,88.00667572021484,87.34667205810547,82.91999816894531,88.3133316040039,87.87332916259766,88.0,87.01333618164062,87.37332916259766,87.46666717529297,88.75333404541016,88.2066650390625,88.57333374023438,87.086669921875,88.64666748046875,87.71332550048828,88.5999984741211,88.09333038330078,86.23333740234375,89.2933349609375,86.9000015258789,88.50666046142578,87.49332427978516,88.6933364868164,86.9000015258789,87.6866683959961,86.30001068115234,88.8800048828125,88.1866683959961,88.72000122070312,91.54000091552734,91.92666625976562,92.1866683959961,91.9000015258789,91.98666381835938,91.9800033569336,92.26000213623047,92.0199966430664,92.35333251953125,92.25332641601562,92.4000015258789,92.45333099365234,92.05999755859375,92.33333587646484,91.83999633789062,92.09333038330078,92.04666900634766,92.07333374023438,92.02667236328125,91.9666748046875,92.09334564208984,92.47333526611328,91.97332763671875,91.87332916259766,91.5133285522461,91.71334075927734,92.0133285522461,92.2733383178711,91.9000015258789,92.4000015258789,92.29999542236328,92.086669921875,91.9800033569336,92.03333282470703,92.28665924072266,91.6533432006836,91.37332916259766,92.45333099365234,91.78665924072266,92.12000274658203,93.03333282470703,92.78665924072266,92.9333267211914,93.2266616821289,92.9800033569336,92.9666748046875,93.12667083740234,93.18000030517578,93.0199966430664,92.7933349609375,93.0,93.05999755859375,93.28665924072266,92.95333099365234,92.95333099365234,93.1399917602539,93.27332305908203,93.03333282470703,93.28665924072266,93.09333038330078,93.13333129882812,93.26000213623047,93.086669921875,93.2733383178711,93.28665924072266,93.413330078125,93.17999267578125,93.2800064086914,93.23999786376953,93.2933349609375,93.33333587646484,93.34667205810547,93.35999298095703,93.32666778564453,92.7933349609375,93.086669921875,93.18000030517578,93.2933349609375,93.45333099365234,93.28665924072266,93.26666259765625,92.99333953857422,93.0199966430664,93.2066650390625,93.44666290283203,93.51333618164062,93.14666748046875,93.32666015625,93.55999755859375,93.47333526611328,93.44666290283203,93.33333587646484,93.27999877929688,93.38666534423828,93.1066665649414,93.34667205810547,93.34000396728516,93.37332916259766,93.2933349609375,93.3800048828125,93.2933349609375,93.32666778564453,93.413330078125,93.4333267211914,93.2266616821289,93.07333374023438,93.46666717529297,93.24666595458984,93.42000579833984,93.6399917602539,93.5666732788086,93.64666748046875,93.4800033569336,93.6199951171875,93.4800033569336,93.4333267211914,93.4800033569336,93.6933364868164,93.40665435791016,93.47333526611328,93.40666961669922,93.55333709716797,93.37332916259766,93.55333709716797,93.6399917602539,93.47333526611328,93.32666015625,93.40666961669922,93.2733383178711,93.74666595458984,93.586669921875,93.49332427978516,93.52667236328125,93.67999267578125,93.44666290283203,93.42000579833984,93.33333587646484,93.44000244140625,93.66000366210938,93.1866683959961,93.49333953857422,93.55999755859375,93.15999603271484,93.28665924072266,93.45333099365234,93.30667114257812,93.61334228515625,93.22000122070312,93.38666534423828,93.17333221435547,93.3933334350586,93.4800033569336,93.55333709716797,93.49333953857422,93.14666748046875,93.1866683959961,93.57333374023438,93.3800048828125,93.15332794189453,93.1866683959961,93.3800048828125,93.23332977294922,93.38666534423828,93.4333267211914,93.44666290283203,93.39334106445312,93.0666732788086,93.239990234375,93.04000091552734,93.23999786376953,93.22000122070312,93.2066650390625,93.36666107177734,93.45999908447266,93.23333740234375,93.17333984375,93.67333221435547,93.45333099365234,93.57999420166016,93.5666732788086],