{"val_acc":[84.46000002441406,86.86],"eta_val_acc":[84.20000457763672,85.586669921875],"eta_val_acc_std":[0.5546186566352844,0.8846077919006348]}