{"val_acc":[86.16,89.57999992675781],"eta_val_acc":[85.38666534423828,88.9333267211914],"eta_val_acc_std":[1.3345155715942383,0.43650126457214355]}