{"val_acc":[79.2600000366211,90.12000004882813],"eta_val_acc":[76.25333404541016,89.2066650390625],"eta_val_acc_std":[0.9211569428443909,0.5493013858795166]}