{"val_acc":[84.53999997558594,88.73999993896484,89.23999991455078],"eta_val_acc":[79.21332550048828,86.90666961669922,87.96666717529297],"eta_val_acc_std":[1.638577938079834,1.315346598625183,0.26102444529533386]}