{"val_acc":[88.63999991455078,88.8999999633789,89.49999987792968,90.40000001220703,90.75999990234375,90.14000003662109,91.23999995117188,90.62000004882813,90.3000000366211,91.01999993896484,91.37999987792969,90.84000004882813,91.81999993896484,91.41999986572266,91.9000000366211,91.99999998779298,91.96000004882812,91.79999986572265,91.77999990234375,91.28000001220703,92.0200000366211,92.1000000366211,92.4,92.05999992675781,92.07999985351563,92.22000002441406,91.9000000366211,91.71999992675781,91.77999993896485,92.07999996337891,92.39999993896484,92.2599999633789,92.27999992675781,92.3200000366211,92.3199999633789,92.74000002441406,92.34000003662109,92.42000004882813,91.91999998779296,91.64000002441406,92.42000004882813],"eta_val_acc":[88.6399917602539,88.9000015258789,89.5,90.4000015258789,90.76000213623047,90.1399917602539,91.23999786376953,90.62000274658203,90.30001068115234,91.0199966430664,91.37999725341797,90.83999633789062,91.81999969482422,91.42000579833984,91.9000015258789,92.0,91.95999908447266,91.80001068115234,91.77999877929688,91.27999877929688,92.0199966430664,92.0999984741211,92.4000015258789,92.05999755859375,92.07999420166016,92.22000122070312,91.9000015258789,91.72000122070312,91.77999877929688,92.07999420166016,92.4000015258789,92.26000213623047,92.27999877929688,92.31999969482422,92.31999969482422,92.73999786376953,92.33999633789062,92.42000579833984,91.92000579833984,91.6399917602539,92.42000579833984],"eta_val_acc_std":[9.344062164018396e-6,0.0,0.0,0.0,0.0,9.344062164018396e-6,0.0,0.0,9.344062164018396e-6,0.0,0.0,0.0,0.0,9.344062164018396e-6,0.0,0.0,0.0,9.344062164018396e-6,0.0,0.0,0.0,0.0,0.0,0.0,9.344062164018396e-6,0.0,0.0,0.0,0.0,9.344062164018396e-6,0.0,0.0,0.0,0.0,0.0,0.0,0.0,9.344062164018396e-6,9.344062164018396e-6,9.344062164018396e-6,9.344062164018396e-6]}