{"val_acc":[82.47999997558594,85.37999995117187,86.93999998779297],"eta_val_acc":[81.65333557128906,85.11333465576172,86.34667205810547],"eta_val_acc_std":[0.5064898133277893,0.16773059964179993,0.4196840822696686]}