{"val_acc":[82.22,81.24,80.14,85.32,86.54,85.36,86.16,85.14,85.56,86.2,85.12,87.16,85.68,87.38,87.1,87.62,87.86,88.04,87.66,87.36,85.12,84.48,88.02,88.24,87.5,87.54,86.96,86.42,87.28,86.9,87.7,87.06,86.44,85.38,88.2,88.08,86.58,88.54,88.84,87.96,87.28,86.2,88.84,87.92,87.56,86.74,88.66,87.44,88.84,88.84,88.38,87.92,87.06,88.72,88.76,88.64,89.08,89.14,88.28,88.8,91.8,92.34,92.0,92.38,92.38,92.44,92.52,92.52,92.44,92.58,92.56,92.58,92.46,92.24,92.4,92.38,92.32,91.94,92.12,92.4,92.26,92.5,91.98,92.02,92.24,92.28,91.64,92.28,92.0,92.38,92.18,91.98,92.18,92.36,91.8,92.02,91.64,92.14,91.48,92.26,93.2,93.12,93.2,93.04,93.2,93.24,93.4,93.58,93.2,93.34,93.26,93.42,93.12,92.94,93.34,93.24,93.08,93.04,93.38,92.92,93.28,93.0,93.18,93.02,93.3,93.34,93.16,93.46,93.14,93.14,93.34,93.24,93.3,93.28,93.2,93.32,92.96,92.84,93.0,93.18,93.08,92.78,92.68,93.18,93.12,93.12,93.1,93.14,92.88,93.12,93.12,93.14,93.0,93.34,93.3,93.2,93.18,92.82,92.94,93.06,92.7,92.94,93.0,93.08,92.96,93.12,93.02,93.1,93.24,93.4,93.4,93.7,93.08,93.02,92.82,93.32,92.94,93.34,93.16,93.36,93.26,93.16,93.2,93.24,93.06,92.94,93.16,93.02,93.12,93.02,93.06,93.08,93.06,93.26,93.12,93.0,93.02,92.92,93.38,92.94,93.12,93.46,93.44,93.34,93.2,93.08,92.94,92.98,93.06,92.94,93.28,93.06,93.24,93.1,93.18,92.8,93.04,92.84,93.06,92.64,93.2,93.2,93.38,92.84,93.28,93.28,93.04,93.02,93.04,92.82,93.32,93.06,92.92,92.76,93.22,93.5,93.08,93.08,93.28,93.38],"eta_val_acc":[81.67333221435547,81.09333038330078,79.86666870117188,85.44666290283203,86.45333862304688,85.33333587646484,85.95333862304688,84.586669921875,85.02666473388672,86.1199951171875,84.55333709716797,87.17333984375,85.64666748046875,87.13333892822266,86.8933334350586,87.54666900634766,87.45333099365234,87.74666595458984,87.35333251953125,87.03333282470703,85.44000244140625,83.94666290283203,87.94666290283203,88.64000701904297,87.38666534423828,87.54666900634766,86.84000396728516,86.44000244140625,87.2066650390625,87.26666259765625,87.50666046142578,86.8933334350586,86.2266616821289,84.70000457763672,87.87332916259766,88.31999969482422,86.7066650390625,88.3933334350586,88.7266616821289,87.94666290283203,87.1199951171875,86.03333282470703,88.64000701904297,87.64666748046875,87.49333953857422,86.8466567993164,88.53333282470703,87.28667449951172,88.78665924072266,88.72000122070312,88.1199951171875,87.3800048828125,86.92666625976562,88.1866683959961,88.76000213623047,88.50667572021484,88.9000015258789,88.94000244140625,88.45999908447266,88.76000213623047,91.8133316040039,92.24667358398438,92.04666900634766,92.0,92.3800048828125,92.22000122070312,92.21334075927734,92.5,92.413330078125,92.28667449951172,92.42666625976562,92.4666748046875,92.3066635131836,92.05999755859375,92.1066665649414,92.2733383178711,92.2066650390625,91.71334075927734,92.00666046142578,92.11333465576172,91.92000579833984,92.2066650390625,91.9333267211914,92.0133285522461,92.01333618164062,92.0666732788086,91.7066650390625,92.44000244140625,91.77999877929688,92.23332977294922,92.17333984375,91.95333099365234,91.94000244140625,91.913330078125,91.8133316040039,91.77999877929688,91.38666534423828,92.15332794189453,91.34000396728516,92.05333709716797,93.01333618164062,93.05999755859375,93.20000457763672,92.97332763671875,92.97332763671875,93.04666900634766,93.1866683959961,93.21332550048828,93.0666732788086,92.94666290283203,93.26666259765625,93.24666595458984,93.15332794189453,92.80667114257812,93.06000518798828,93.01333618164062,93.0,92.92000579833984,93.07333374023438,92.90665435791016,93.12667083740234,92.9800033569336,92.74666595458984,92.9000015258789,93.0,93.11333465576172,92.71332550048828,93.1866683959961,93.21332550048828,93.04666900634766,93.05999755859375,93.05333709716797,92.92666625976562,92.9800033569336,92.98666381835938,93.07999420166016,92.6933364868164,92.80001068115234,92.76666259765625,93.05333709716797,92.90666961669922,92.80667114257812,92.76000213623047,93.05333709716797,93.1199951171875,92.76666259765625,92.84000396728516,92.78665924072266,92.8600082397461,93.02666473388672,92.82666778564453,93.00666046142578,92.87332916259766,93.10665893554688,92.92000579833984,93.15332794189453,92.97333526611328,92.70000457763672,92.76666259765625,92.85333251953125,92.5999984741211,92.913330078125,92.87999725341797,93.02667236328125,93.01333618164062,93.0999984741211,92.78667449951172,92.74666595458984,93.19998931884766,93.26000213623047,93.14666748046875,93.3800048828125,92.8933334350586,92.95333099365234,92.83333587646484,93.16666412353516,92.7733383178711,93.25333404541016,92.86666870117188,93.1066665649414,92.84000396728516,93.07999420166016,93.04000091552734,92.97333526611328,92.94000244140625,92.8466567993164,92.74666595458984,92.9000015258789,92.87332916259766,92.88666534423828,92.73999786376953,92.913330078125,92.8933334350586,93.07999420166016,92.9333267211914,92.8133316040039,92.87332916259766,92.6066665649414,93.1533432006836,92.75333404541016,93.05333709716797,93.25333404541016,93.23999786376953,93.21334075927734,93.14000701904297,92.96666717529297,92.94666290283203,92.78665924072266,92.913330078125,92.87332916259766,92.95333099365234,92.76666259765625,93.02666473388672,93.04666137695312,92.8933334350586,92.5666732788086,93.0,92.84667205810547,92.8066635131836,92.54666900634766,93.00667572021484,92.96666717529297,93.13333129882812,92.94000244140625,93.19332885742188,93.0666732788086,92.75332641601562,93.05333709716797,92.94666290283203,92.66666412353516,92.913330078125,92.82666778564453,92.83333587646484,92.72000122070312,92.8600082397461,93.17333221435547,92.96666717529297,92.94666290283203,93.12667083740234,93.20000457763672],