{"val_acc":[84.4,83.74,83.92,86.02,85.56,84.78,86.38,85.88,87.18,86.18,87.22,87.42,85.74,84.98,87.58,86.78,87.36,86.22,87.08,87.68,87.6,84.22,88.46,88.4,88.6,87.7,87.92,87.54,87.5,88.48,88.78,87.54,88.7,87.22,87.76,86.96,87.52,88.92,88.88,88.34,87.32,88.22,87.96,87.3,88.82,88.42,88.0,87.42,87.72,88.7,89.12,89.18,88.22,88.14,88.62,89.58,88.92,89.0,88.9,88.74,91.8,92.38,92.66,92.46,92.6,92.62,92.6,92.56,92.78,92.98,92.88,92.76,92.54,92.78,92.26,92.68,92.36,92.32,92.78,92.68,92.46,93.06,92.08,91.62,92.5,92.42,92.02,92.1,92.82,93.12,92.58,92.2,92.22,92.3,92.7,91.98,92.14,92.18,92.2,91.96,93.0,93.22,93.28,93.24,93.22,93.26,93.6,93.2,92.94,93.0,93.34,93.36,93.66,93.4,93.42,93.52,93.32,93.18,93.4,93.32,93.58,93.3,93.26,93.12,93.56,93.26,93.46,93.38,93.42,92.98,93.06,93.46,93.38,93.32,93.32,93.08,93.42,93.02,93.16,93.22,93.4,93.06,92.94,93.24,93.38,93.5,93.1,93.32,93.66,93.54,93.46,93.56,93.4,93.38,92.98,93.28,93.28,93.2,93.28,93.44,93.5,93.52,93.54,93.28,93.3,93.74,93.8,93.68,93.76,93.6,93.62,93.44,93.42,93.42,93.22,93.22,93.12,93.5,93.16,93.5,93.2,93.14,93.4,93.62,93.34,93.5,93.36,93.46,93.48,93.18,93.14,93.46,93.14,93.22,93.26,93.3,93.38,93.36,93.3,93.1,93.58,93.7,93.42,93.58,93.82,93.22,93.36,93.08,93.52,93.52,93.5,93.58,93.48,93.36,93.62,93.18,93.5,93.82,93.52,93.68,93.56,93.3,93.54,93.28,93.52,93.46,93.12,93.12,93.66,93.48,93.26,93.38,93.36,93.46,93.32,93.44,93.58,93.56,93.2,93.5],"eta_val_acc":[84.25333404541016,83.80667114257812,83.7733383178711,86.0199966430664,85.51333618164062,84.84000396728516,86.0133285522461,85.7066650390625,87.1199951171875,86.02667236328125,86.95999908447266,87.14666748046875,85.2933349609375,84.83332824707031,87.42000579833984,86.6066665649414,87.05999755859375,86.01333618164062,86.86666870117188,87.54666900634766,87.7066650390625,83.4800033569336,88.26667022705078,88.39999389648438,88.2933349609375,87.83333587646484,87.70000457763672,87.24666595458984,87.2266616821289,88.413330078125,88.59333038330078,87.3800048828125,88.62667083740234,86.4000015258789,87.68000030517578,87.2266616821289,87.49332427978516,88.57333374023438,88.54000091552734,88.42000579833984,87.13333129882812,88.12667083740234,87.7933349609375,87.02666473388672,88.69332885742188,88.6933364868164,87.8133316040039,87.413330078125,87.65999603271484,88.57999420166016,88.65332794189453,88.86666870117188,88.26666259765625,88.2266616821289,88.4800033569336,89.26666259765625,88.73999786376953,88.7933349609375,88.7733383178711,88.67333221435547,91.8133316040039,92.33999633789062,92.47333526611328,92.21334075927734,92.45333099365234,92.23999786376953,92.55333709716797,92.52667236328125,92.67999267578125,92.59333038330078,92.54666137695312,92.5999984741211,92.586669921875,92.7066650390625,92.36666870117188,92.6199951171875,92.34667205810547,92.37332916259766,92.5,92.40666961669922,92.25333404541016,92.739990234375,91.8133316040039,91.8133316040039,92.54666900634766,92.1866683959961,91.7266616821289,92.14000701904297,92.48666381835938,92.83333587646484,92.59333038330078,92.23333740234375,92.14666748046875,92.13333892822266,92.37332916259766,91.79999542236328,92.00667572021484,92.1866683959961,92.09333038330078,91.8600082397461,92.87332916259766,93.0,93.18000030517578,93.11333465576172,92.9333267211914,93.05333709716797,93.44666290283203,92.95333099365234,93.0199966430664,92.81999969482422,93.09333038330078,93.27999877929688,93.42000579833984,93.16000366210938,93.3933334350586,93.3133316040039,93.22000122070312,93.086669921875,93.3600082397461,93.086669921875,93.36666107177734,93.24666595458984,93.03333282470703,93.0999984741211,93.34667205810547,93.12667083740234,93.24666595458984,93.10000610351562,93.35333251953125,93.05999755859375,93.03333282470703,93.31999969482422,93.07333374023438,93.1933364868164,93.4000015258789,92.88666534423828,92.95333099365234,92.95333862304688,93.0999984741211,93.23333740234375,93.19998931884766,92.96666717529297,92.92666625976562,93.23333740234375,93.3933334350586,93.27999877929688,92.83999633789062,93.12000274658203,93.5199966430664,93.23333740234375,93.21334075927734,93.26000213623047,93.34667205810547,92.98666381835938,93.0199966430664,93.28667449951172,93.23999786376953,93.11333465576172,93.0666732788086,93.14000701904297,93.16666412353516,93.4800033569336,93.0666732788086,93.25333404541016,93.18000030517578,93.49332427978516,93.4800033569336,93.53333282470703,93.66666412353516,93.4000015258789,93.413330078125,93.33333587646484,93.21334075927734,93.14666748046875,93.11333465576172,93.1866683959961,93.05999755859375,93.23333740234375,93.05999755859375,93.32000732421875,93.23333740234375,93.14000701904297,92.8933334350586,93.3933334350586,93.12000274658203,93.2199935913086,93.2066650390625,93.21332550048828,93.32000732421875,93.14666748046875,93.04000091552734,93.22000122070312,92.92666625976562,93.23333740234375,93.0666732788086,93.21334075927734,93.2266616821289,93.16000366210938,93.0199966430664,93.04666900634766,93.34667205810547,93.38666534423828,93.12667083740234,93.2266616821289,93.50667572021484,93.1399917602539,93.11333465576172,92.96666717529297,93.13333129882812,93.13333129882812,93.4800033569336,93.5,93.44666290283203,93.2733383178711,93.35333251953125,93.00667572021484,93.2733383178711,93.5,93.1933364868164,93.1933364868164,93.413330078125,93.2266616821289,93.3933334350586,93.12667083740234,93.24666595458984,93.35333251953125,92.8933334350586,93.09333038330078,93.4800033569336,93.14000701904297,92.96666717529297,93.07999420166016,93.16666412353516,93.31999969482422,93.32666015625,93.17999267578125,93.4000015258789,93.23333740234375,93.20000457763672,93.24666595458984],