{"val_acc":[87.61999991455077,87.52000002441406,89.58000002441406],"eta_val_acc":[86.52667236328125,87.3600082397461,89.49333953857422],"eta_val_acc_std":[0.47173160314559937,0.4866189658641815,0.1404746174812317]}