{"val_acc":[77.47999992675781],"eta_val_acc":[77.3933334350586],"eta_val_acc_std":[0.22300980985164642]}