{"val_acc":[81.22,81.6,85.58,85.08,82.18,86.32,84.48,85.66,87.24,84.92,84.66,87.46,87.46,86.02,87.94,88.5,85.88,85.34,88.06,87.58,88.32,86.82,87.88,88.36,88.24,88.34,87.84,85.76,87.1,87.24,88.26,86.02,88.24,84.78,88.48,87.02,85.98,87.42,87.8,88.04,87.7,87.42,88.7,88.56,87.44,87.88,88.9,86.98,88.18,88.6,88.7,87.1,84.32,87.9,88.78,89.34,88.38,88.62,88.8,87.72,91.82,92.08,92.14,91.68,92.3,92.22,92.5,91.96,92.68,92.3,92.08,92.4,92.18,92.34,92.42,92.48,92.02,92.3,92.5,92.1,91.94,92.2,92.0,92.1,92.06,91.86,92.02,91.9,91.8,92.04,92.4,92.64,92.16,92.46,92.66,91.7,92.24,91.86,91.7,91.96,93.04,92.98,93.1,93.08,92.98,93.04,92.92,92.98,93.24,92.94,92.96,93.1,92.98,92.8,92.96,93.24,92.94,93.06,93.12,92.96,93.12,92.68,92.9,92.8,93.0,93.06,92.96,93.18,93.0,93.1,93.3,93.04,92.74,93.28,92.98,93.06,92.96,93.16,93.36,93.02,93.14,93.4,93.1,93.42,93.22,93.18,93.08,93.06,92.88,92.96,92.9,93.4,92.82,93.04,92.9,93.12,93.1,93.14,93.22,93.08,93.0,93.1,93.12,93.16,93.04,93.14,93.46,93.22,93.04,93.1,93.24,92.94,93.28,93.16,93.06,92.9,92.98,93.0,93.16,92.98,92.58,92.62,92.78,92.8,93.14,93.06,93.22,93.12,93.14,92.76,92.9,92.58,92.82,92.6,92.78,92.72,93.04,93.08,92.9,92.92,93.0,93.0,92.8,92.86,93.08,92.8,92.88,92.86,92.66,92.6,93.16,92.8,93.36,93.14,93.44,92.9,93.38,93.36,92.86,92.84,93.12,92.88,93.02,92.8,92.84,92.98,92.8,92.56,92.84,93.02,93.18,93.22,92.76,93.02,92.96,93.02,93.2,92.94,92.88,93.04],"eta_val_acc":[80.82666778564453,81.6199951171875,85.48666381835938,84.9333267211914,82.26666259765625,86.15999603271484,84.6199951171875,85.42666625976562,87.36666107177734,84.82666778564453,84.68000030517578,87.26667022705078,87.30667114257812,86.04000091552734,87.90666961669922,88.28665924072266,85.78667449951172,85.27999877929688,88.04666900634766,87.4866714477539,88.15999603271484,86.5133285522461,87.83333587646484,88.413330078125,88.34667205810547,88.5,87.6866683959961,85.6866683959961,87.3800048828125,87.44000244140625,88.27999877929688,86.0999984741211,88.16666412353516,84.68000030517578,88.27999877929688,87.04666900634766,86.05333709716797,87.23333740234375,87.64666748046875,88.1066665649414,87.75333404541016,87.32666015625,88.80001068115234,88.4000015258789,87.3933334350586,88.04000091552734,88.8800048828125,87.02667236328125,88.14666748046875,88.44000244140625,88.45999908447266,87.07333374023438,84.24667358398438,87.76667022705078,88.67333984375,89.26000213623047,88.29999542236328,88.74666595458984,88.71332550048828,88.0666732788086,91.96666717529297,91.92666625976562,92.18000030517578,91.61333465576172,92.3066635131836,92.12000274658203,92.31999969482422,91.95333099365234,92.58666229248047,92.3133316040039,92.05333709716797,92.38666534423828,92.0666732788086,92.23333740234375,92.3800048828125,92.3133316040039,92.1933364868164,92.23999786376953,92.3933334350586,92.02667236328125,91.90666961669922,92.21334075927734,92.0333251953125,92.20000457763672,92.16666412353516,91.7266616821289,91.92000579833984,91.80001068115234,91.83999633789062,92.15999603271484,92.07333374023438,92.3600082397461,92.21334075927734,92.32666015625,92.61333465576172,91.67333221435547,92.1533432006836,91.66000366210938,91.64666748046875,91.95333099365234,92.913330078125,92.90667724609375,93.0,93.0533218383789,92.94666290283203,93.05999755859375,92.8066635131836,92.91999053955078,93.11333465576172,92.7266616821289,92.87332916259766,93.03333282470703,92.96666717529297,92.7733383178711,92.99332427978516,93.0999984741211,92.94000244140625,92.96666717529297,93.09333038330078,92.92666625976562,93.09333038330078,92.6933364868164,92.95999908447266,92.92000579833984,92.87332916259766,93.07999420166016,92.95999908447266,93.1866683959961,92.84667205810547,93.09333038330078,93.14666748046875,93.07333374023438,92.73999786376953,93.22000122070312,92.913330078125,92.8133316040039,92.90666961669922,92.9800033569336,93.23333740234375,92.913330078125,93.1199951171875,93.26000213623047,93.086669921875,93.35999298095703,93.14666748046875,93.07333374023438,93.07332611083984,93.0666732788086,92.80667114257812,93.04000091552734,93.04666137695312,93.41333770751953,92.65332794189453,92.94000244140625,92.85333251953125,93.05333709716797,92.99332427978516,93.0199966430664,93.17333221435547,93.0199966430664,92.92000579833984,93.0133285522461,93.0666732788086,93.0199966430664,93.04000091552734,93.01333618164062,93.3466567993164,93.01333618164062,92.96666717529297,93.16000366210938,93.36666870117188,93.10000610351562,93.1399917602539,93.13333129882812,92.9000015258789,92.79999542236328,92.99332427978516,92.90667724609375,93.09333038330078,92.78665924072266,92.67333221435547,92.62667083740234,92.83333587646484,92.73999786376953,93.04666137695312,93.09333038330078,93.13333129882812,92.87332916259766,93.13333129882812,92.68000030517578,92.94000244140625,92.64666748046875,92.76666259765625,92.65332794189453,92.7933349609375,92.7733383178711,93.0199966430664,92.99333953857422,92.92666625976562,92.8933334350586,93.0199966430664,92.913330078125,92.75332641601562,92.8133316040039,92.85333251953125,92.8466567993164,92.87332916259766,92.83333587646484,92.81999969482422,92.47333526611328,93.02667236328125,92.75333404541016,93.3933334350586,93.04000091552734,93.24666595458984,92.9333267211914,93.26000213623047,93.20000457763672,92.94000244140625,92.84667205810547,93.13333129882812,92.88666534423828,92.98666381835938,92.71334075927734,92.70000457763672,92.8133316040039,92.73999786376953,92.5,92.75333404541016,92.84667205810547,93.20000457763672,93.0666732788086,92.7066650390625,92.98666381835938,92.87332916259766,92.8600082397461,93.07333374023438,92.9000015258789,92.87332916259766,93.04666900634766],