{"val_acc":[83.67999992675782,83.51999973144531,82.21999969482422,83.84000001220703],"eta_val_acc":[83.68000030517578,83.5199966430664,82.22000122070312,83.83999633789062],"eta_val_acc_std":[0.0,0.0,0.0,0.0]}