{"val_acc":[87.07999989013672,87.12000002441407,82.87999990234376],"eta_val_acc":[79.19999694824219,81.66666412353516,81.12667083740234],"eta_val_acc_std":[2.1871423721313477,3.198082447052002,2.3188233375549316]}