{"val_acc":[87.91999993896485,89.55999989013672],"eta_val_acc":[87.53333282470703,89.07333374023438],"eta_val_acc_std":[0.14047497510910034,0.21007846295833588]}