{"val_acc":[85.5400000366211,87.09999997558593],"eta_val_acc":[85.23332977294922,86.82000732421875],"eta_val_acc_std":[0.13316617906093597,0.24248889088630676]}