{"val_acc":[86.42000002441407,88.06],"eta_val_acc":[86.03333282470703,87.86666870117188],"eta_val_acc_std":[0.4026554226875305,0.32516616582870483]}