{"val_acc":[87.46000001220703,88.01999998779297],"eta_val_acc":[87.23333740234375,87.7266616821289],"eta_val_acc_std":[0.22300831973552704,0.47721365094184875]}