{"val_acc":[82.22,83.0,82.36,84.06,85.02,85.68,85.1,87.08,86.68,83.9,85.94,87.16,85.74,86.52,87.2,87.48,87.18,87.12,87.34,87.88,86.94,86.82,87.58,87.32,88.18,87.66,87.62,86.2,86.48,87.86,88.64,88.1,87.1,87.14,88.16,86.72,87.22,87.72,88.68,88.98,87.34,88.26,87.42,88.28,88.56,87.44,88.2,88.4,88.46,88.6,88.12,88.6,87.42,88.14,88.16,88.68,88.06,88.44,88.86,87.48,91.74,91.64,91.84,91.74,91.74,92.28,92.2,92.3,92.22,92.4,92.36,92.36,92.04,92.22,92.32,92.58,92.3,91.96,92.26,92.22,92.16,92.32,92.12,92.42,92.1,92.18,91.9,92.18,92.16,92.14,92.78,92.3,92.1,92.44,92.3,92.46,92.14,91.82,91.44,91.9,93.06,92.92,93.22,93.14,92.9,93.22,93.48,93.08,93.14,93.28,93.32,93.32,93.54,93.62,93.44,93.44,93.34,93.42,93.52,93.28,93.38,93.34,93.32,93.16,93.16,93.4,93.42,93.52,93.0,92.98,93.44,93.36,93.18,93.42,93.46,93.34,93.28,93.14,93.26,93.52,93.54,93.72,93.48,93.38,93.54,93.46,93.54,93.82,93.54,93.48,93.44,93.62,93.14,93.48,93.56,93.5,93.28,93.6,93.22,93.4,93.42,93.56,93.32,93.42,93.36,93.4,93.54,93.54,93.62,93.66,93.64,93.86,93.68,93.2,93.58,93.36,93.46,93.6,93.46,93.4,93.52,93.52,93.22,93.56,93.46,93.66,93.38,93.4,93.3,93.42,93.86,93.04,93.5,93.56,93.52,93.52,93.38,93.18,93.46,93.48,93.66,93.48,93.18,93.6,93.54,93.64,93.32,93.78,93.56,93.2,93.46,93.36,93.38,93.48,93.42,93.42,93.34,93.34,93.3,93.26,93.42,93.28,93.28,93.36,93.44,93.52,93.24,93.26,93.62,93.5,93.76,93.6,93.42,93.28,93.48,93.96,93.5,93.54,93.66,93.18],"eta_val_acc":[81.67999267578125,82.45999908447266,81.74666595458984,83.9000015258789,84.72000122070312,85.3933334350586,85.03333282470703,86.66666412353516,86.49333953857422,83.82666778564453,85.5199966430664,86.8133316040039,85.26000213623047,86.5666732788086,86.98666381835938,87.3600082397461,87.23333740234375,86.82666778564453,87.0,87.57333374023438,87.20000457763672,85.44666290283203,87.37332916259766,87.20000457763672,88.26000213623047,87.55999755859375,87.3066635131836,85.73333740234375,86.48666381835938,88.1933364868164,88.5,87.24666595458984,86.97332763671875,86.5,87.7933349609375,86.8133316040039,87.11333465576172,87.62667083740234,88.3800048828125,88.85999298095703,86.94666290283203,88.04000091552734,87.53333282470703,87.7933349609375,88.15332794189453,87.42000579833984,87.62667083740234,88.13333129882812,88.36666870117188,88.29999542236328,87.4333267211914,88.35333251953125,87.23999786376953,87.85333251953125,87.7266616821289,88.63333892822266,87.86666107177734,88.413330078125,88.52666473388672,87.0,91.76000213623047,91.53333282470703,91.67333221435547,91.586669921875,91.86666870117188,91.88666534423828,92.0,91.76666259765625,92.1199951171875,92.3600082397461,92.16000366210938,92.20000457763672,91.95333099365234,92.0666732788086,92.24667358398438,92.07333374023438,92.21332550048828,91.68000030517578,91.8800048828125,91.87332916259766,91.9800033569336,92.27999877929688,91.73999786376953,92.32666015625,91.9800033569336,92.08666229248047,91.74666595458984,91.98666381835938,91.92000579833984,91.98666381835938,92.65999603271484,92.0666732788086,91.66000366210938,91.83333587646484,92.04000091552734,91.93334197998047,91.9466781616211,91.47332763671875,91.24666595458984,91.62667083740234,92.84667205810547,92.8133316040039,93.086669921875,92.92666625976562,92.82666015625,93.00667572021484,93.23333740234375,92.8800048828125,93.07332611083984,92.73333740234375,92.98666381835938,93.20000457763672,93.27999877929688,93.28665924072266,93.30001068115234,93.41333770751953,93.25333404541016,93.27999877929688,93.3800048828125,93.23333740234375,93.22000122070312,93.17999267578125,93.00667572021484,92.8066635131836,92.92000579833984,93.32666778564453,93.15332794189453,93.22000122070312,92.99332427978516,93.12667083740234,93.24666595458984,92.9800033569336,93.04000091552734,93.16666412353516,93.05333709716797,93.1199951171875,93.0199966430664,92.90666961669922,93.15332794189453,93.16666412353516,93.15999603271484,93.1866683959961,93.07999420166016,93.32666778564453,93.24666595458984,93.4333267211914,93.30667114257812,93.36666870117188,93.44666290283203,93.18000030517578,93.35333251953125,93.3600082397461,92.73999786376953,93.28665924072266,92.9800033569336,93.20000457763672,92.96666717529297,93.1866683959961,93.09333038330078,93.16666412353516,93.22000122070312,93.1199951171875,93.13333892822266,92.87332916259766,93.22000122070312,93.04000091552734,93.5133285522461,93.33999633789062,93.33333587646484,93.58000946044922,93.66666412353516,93.6399917602539,93.21332550048828,93.2066650390625,93.2800064086914,93.05333709716797,93.46666717529297,93.33333587646484,93.16000366210938,93.21334075927734,93.21334075927734,93.2733383178711,93.086669921875,93.2266616821289,93.28665924072266,93.36666107177734,93.2733383178711,93.12667083740234,93.1866683959961,93.05333709716797,93.22000122070312,92.73333740234375,93.38666534423828,93.21332550048828,92.94666290283203,93.07333374023438,93.17333984375,93.17999267578125,93.30001068115234,93.07333374023438,93.5133285522461,93.26666259765625,92.96666717529297,93.30667114257812,93.32666778564453,93.25333404541016,93.25333404541016,93.35999298095703,93.3066635131836,92.913330078125,93.2066650390625,93.00667572021484,93.05999755859375,93.4333267211914,93.11333465576172,93.14666748046875,93.0199966430664,93.27999877929688,93.00667572021484,93.05333709716797,93.3133316040039,93.15332794189453,93.13333129882812,93.04666900634766,93.0199966430664,93.23333740234375,93.0,93.04666137695312,93.45333862304688,93.40666961669922,93.42000579833984,92.95999908447266,93.15332794189453,93.07333374023438,93.27999877929688,93.42666625976562,93.1933364868164,93.3066635131836,93.413330078125,92.94666290283203],