{"val_acc":[84.59999991455078,86.54],"eta_val_acc":[83.32666778564453,86.2066650390625],"eta_val_acc_std":[0.49571406841278076,0.8732349276542664]}