{"val_acc":[85.95999989013671,89.21999991455078],"eta_val_acc":[82.72000122070312,89.3800048828125],"eta_val_acc_std":[1.2204891443252563,0.1562075912952423]}