{"val_acc":[82.4,80.26,83.68,86.42,85.92,86.7,86.86,86.6,87.44,86.54,87.22,87.76,85.04,84.8,88.12,87.78,85.24,87.1,87.22,88.34,87.62,86.5,87.9,86.86,87.32,88.14,88.0,85.26,86.76,88.48,88.2,88.0,87.86,87.46,88.52,87.96,88.34,88.24,88.4,87.16,88.32,88.9,87.1,87.48,88.16,88.62,88.28,88.14,87.9,88.48,88.74,87.9,88.48,88.5,88.72,88.92,87.6,89.7,88.18,87.52,91.84,92.0,91.84,92.1,92.1,92.42,92.1,92.3,92.16,92.02,92.4,92.62,92.2,92.24,91.68,92.86,92.68,91.94,92.2,92.6,92.76,92.26,92.1,92.08,92.56,92.58,92.44,92.64,92.38,92.66,92.6,92.2,92.5,92.12,92.36,92.4,92.22,92.24,91.54,92.58,92.9,93.28,93.58,93.34,93.2,93.18,93.28,93.02,93.14,93.28,93.26,93.16,93.14,93.26,93.42,93.58,93.24,93.22,93.14,93.16,93.42,93.42,93.2,93.2,93.3,93.28,93.4,93.18,93.42,93.38,93.3,93.48,93.36,93.42,93.58,93.18,93.32,93.2,93.18,93.38,93.56,93.26,93.14,93.18,93.4,93.36,92.94,93.46,93.36,93.68,93.6,93.4,93.38,93.18,93.76,93.82,93.46,93.56,93.54,93.34,93.28,93.34,93.54,93.56,93.16,93.18,93.32,93.42,93.4,93.78,93.6,93.3,93.22,93.24,93.18,93.3,93.2,93.48,93.34,93.3,93.04,93.72,93.36,93.42,93.2,93.66,93.62,93.26,93.32,93.12,93.5,93.22,93.38,93.28,93.2,93.28,93.36,93.56,93.4,93.48,93.2,93.12,93.02,93.4,93.44,93.06,93.08,93.22,93.24,93.3,93.56,93.68,93.54,93.48,93.76,93.42,93.74,93.6,93.44,93.2,93.24,93.14,93.12,93.48,93.36,93.36,93.48,93.26,93.54,92.98,93.38,93.34,93.0,93.22,93.12,93.2,93.72,93.5,93.4,93.48],"eta_val_acc":[80.42000579833984,79.54000091552734,82.50666046142578,85.42000579833984,84.93334197998047,85.83333587646484,86.05333709716797,85.7266616821289,86.66666412353516,86.03333282470703,86.76000213623047,86.41333770751953,84.6066665649414,83.75333404541016,87.3800048828125,87.0999984741211,84.52666473388672,85.92000579833984,86.3466567993164,87.57332611083984,87.5666732788086,84.85999298095703,87.1933364868164,86.22667694091797,86.90666961669922,87.99332427978516,87.37332916259766,84.07333374023438,86.05999755859375,88.0999984741211,87.54666137695312,86.54666900634766,87.44000244140625,86.85333251953125,87.6199951171875,87.50667572021484,87.66666412353516,87.1399917602539,87.92666625976562,86.8800048828125,87.26666259765625,88.00667572021484,87.1066665649414,86.44000244140625,87.84667205810547,88.3133316040039,87.8600082397461,87.27999877929688,87.54000091552734,88.09333038330078,87.8066635131836,87.2066650390625,88.04666900634766,87.66000366210938,88.53333282470703,88.48666381835938,86.76000213623047,88.913330078125,87.6199951171875,86.5999984741211,91.27999877929688,91.52666473388672,91.56665802001953,91.2933349609375,91.62667083740234,91.63333129882812,91.37999725341797,91.5999984741211,91.76666259765625,91.49332427978516,91.76667022705078,91.913330078125,91.57999420166016,91.76000213623047,91.32666778564453,92.0,92.05333709716797,91.75333404541016,92.11333465576172,91.68000030517578,91.40666961669922,91.34667205810547,91.42666625976562,91.75333404541016,91.8066635131836,91.76000213623047,91.7733383178711,92.0333251953125,91.5,91.78665924072266,91.6399917602539,91.6933364868164,91.5666732788086,91.57333374023438,91.49332427978516,91.52666473388672,91.50667572021484,91.6533432006836,90.9866714477539,91.70000457763672,92.3600082397461,92.76667022705078,92.95999908447266,92.82666778564453,92.2733383178711,92.6533432006836,92.83333587646484,92.54000091552734,92.586669921875,92.30001068115234,92.50667572021484,92.66000366210938,92.65332794189453,92.50667572021484,92.96666717529297,92.85333251953125,92.53333282470703,92.5333251953125,92.82666778564453,92.7066650390625,92.8466567993164,92.57999420166016,92.29999542236328,92.54666900634766,92.76666259765625,92.80667114257812,92.586669921875,92.88666534423828,93.0,93.086669921875,92.6399917602539,92.70000457763672,92.57333374023438,92.9000015258789,92.66666412353516,92.55999755859375,92.54000091552734,92.3933334350586,92.54666900634766,92.82666015625,92.45333099365234,92.8066635131836,92.6199951171875,92.6399917602539,92.72000122070312,92.72000122070312,92.36666870117188,92.41999053955078,92.74666595458984,92.70000457763672,92.79999542236328,92.85999298095703,92.61333465576172,92.72000122070312,92.80667114257812,92.81999969482422,92.47332763671875,92.59333038330078,92.63333892822266,92.42666625976562,92.55999755859375,92.76666259765625,92.51333618164062,92.5999984741211,92.44666290283203,92.33333587646484,92.69998931884766,92.8800048828125,92.87332916259766,92.82000732421875,92.7066650390625,92.84000396728516,92.45333099365234,92.72000122070312,92.42000579833984,92.54000091552734,92.61333465576172,92.64666748046875,92.65332794189453,92.87332916259766,92.54000091552734,92.81999969482422,92.2733383178711,92.62667083740234,92.77999877929688,92.80667114257812,92.78667449951172,92.38666534423828,92.94000244140625,92.62667083740234,92.17333221435547,92.17333984375,92.4466781616211,92.54666900634766,92.06665802001953,92.54666900634766,92.63333129882812,92.63333129882812,92.4800033569336,92.5,92.78665924072266,92.22000122070312,92.44666290283203,92.92000579833984,92.54666900634766,92.62667083740234,92.12000274658203,92.45999908447266,92.62000274658203,92.6066665649414,92.7933349609375,92.69332885742188,93.02666473388672,93.02667236328125,92.8933334350586,92.67999267578125,92.65332794189453,92.84667205810547,92.78665924072266,92.6199951171875,92.92000579833984,92.44000244140625,92.413330078125,92.66666412353516,92.54666900634766,92.67333221435547,92.32666778564453,92.5666732788086,92.54000091552734,92.0199966430664,92.68000030517578,92.5666732788086,92.26666259765625,92.3600082397461,92.3600082397461,92.5133285522461,92.75332641601562,92.55333709716797,92.88666534423828,92.7066650390625],