{"val_acc":[86.13999990234375,87.77999985351562,87.13999986572266,88.2999998779297,89.22000001220704,89.46,89.42000003662109,89.39999993896484,89.26000002441407,88.76000001220703,89.67999987792969,89.64000004882813,89.51999991455078,90.4000000366211,90.20000003662109,90.36000001220702,90.27999991455079,89.85999985351563,90.15999989013672,90.25999991455078,91.01999992675782,90.49999992675781,91.05999989013672,90.90000002441407,90.91999992675781,90.85999993896485,90.55999992675781,90.7999999267578,90.89999995117188,90.66000002441406,90.87999995117187,91.29999997558593,91.09999992675782,91.41999992675781,91.14000004882813,91.24000001220703,91.18000004882812,91.16000002441406,91.01999986572265,90.70000003662109,90.66000002441406,91.29999993896485],"eta_val_acc":[86.1399917602539,87.77999877929688,87.1399917602539,88.30001068115234,89.22000122070312,89.45999908447266,89.42000579833984,89.4000015258789,89.26000213623047,88.76000213623047,89.68000030517578,89.6399917602539,89.5199966430664,90.4000015258789,90.19998931884766,90.3600082397461,90.27999877929688,89.8600082397461,90.16000366210938,90.26000213623047,91.0199966430664,90.5,91.05999755859375,90.9000015258789,90.92000579833984,90.8600082397461,90.55999755859375,90.80001068115234,90.9000015258789,90.66000366210938,90.87999725341797,91.30001068115234,91.0999984741211,91.42000579833984,91.1399917602539,91.23999786376953,91.18000030517578,91.16000366210938,91.0199966430664,90.69998931884766,90.66000366210938,91.30001068115234],"eta_val_acc_std":[9.344062164018396e-6,0.0,9.344062164018396e-6,9.344062164018396e-6,0.0,0.0,9.344062164018396e-6,0.0,0.0,0.0,0.0,9.344062164018396e-6,0.0,0.0,9.344062164018396e-6,9.344062164018396e-6,0.0,9.344062164018396e-6,0.0,0.0,0.0,0.0,0.0,0.0,9.344062164018396e-6,9.344062164018396e-6,0.0,9.344062164018396e-6,0.0,0.0,0.0,9.344062164018396e-6,0.0,9.344062164018396e-6,9.344062164018396e-6,0.0,0.0,0.0,0.0,9.344062164018396e-6,0.0,9.344062164018396e-6]}