{"val_acc":[86.39999991455078,85.69999995117188,88.15999996337891],"eta_val_acc":[85.94000244140625,85.34667205810547,87.84667205810547],"eta_val_acc_std":[0.3671517074108124,0.5618991851806641,0.21385522186756134]}