{"val_acc":[85.07999990234374,85.99999996337891,87.21999993896485],"eta_val_acc":[81.913330078125,82.53333282470703,84.586669921875],"eta_val_acc_std":[0.33306562900543213,2.2171471118927,0.5445453524589539]}