{"val_acc":[81.52,82.3,82.76,84.16,85.9,85.7,87.08,85.48,86.26,86.08,86.64,87.86,85.74,86.7,87.88,87.44,86.88,85.54,87.48,86.98,87.22,85.22,87.96,88.38,87.18,88.1,86.18,83.86,85.8,87.84,87.24,86.68,87.16,86.8,88.14,88.08,88.42,88.64,88.74,87.74,88.52,88.08,87.74,87.16,88.8,88.38,87.86,86.62,88.34,88.2,88.78,88.7,88.18,89.02,88.76,89.04,87.78,89.28,87.9,87.72,91.5,91.78,91.82,91.78,91.92,91.66,92.54,92.5,92.72,92.48,92.4,92.38,92.48,92.34,92.4,92.62,92.46,92.26,92.0,92.2,92.4,92.16,91.74,92.26,91.88,92.14,92.22,92.36,92.38,92.22,92.48,92.82,91.56,92.28,92.84,92.6,92.22,92.3,92.12,92.56,93.08,93.46,93.48,93.66,93.54,93.44,93.6,93.54,93.68,93.42,93.5,93.68,93.14,93.56,93.54,93.54,93.66,93.62,93.76,93.44,93.66,93.58,93.54,93.42,93.3,93.8,93.4,93.44,93.7,93.54,93.66,93.62,93.66,93.46,93.52,93.46,93.42,93.34,93.66,93.34,93.78,93.28,93.24,93.62,93.76,93.82,93.36,93.46,93.66,93.38,93.46,93.56,93.58,93.7,93.54,93.7,93.78,93.94,93.6,93.8,93.74,93.82,93.72,93.58,93.7,93.38,93.74,93.88,93.8,93.98,93.72,93.62,93.38,93.6,93.62,93.2,93.56,93.62,93.48,93.68,93.8,93.72,93.48,93.72,93.66,93.44,93.34,93.66,93.66,93.36,93.8,93.26,93.42,93.48,93.72,93.38,93.3,93.7,93.62,93.68,93.56,93.58,93.54,93.48,93.74,93.4,93.5,93.36,93.62,93.6,93.3,93.62,93.26,93.12,93.64,93.5,93.62,93.62,93.26,93.52,93.46,93.22,93.64,93.54,93.6,93.48,93.38,93.22,93.26,93.46,93.2,93.14,93.46,93.82,93.54,93.38,93.68,93.48,93.52,93.34],"eta_val_acc":[80.45333099365234,81.35333251953125,81.92666625976562,81.4800033569336,84.3600082397461,84.86666870117188,86.03333282470703,84.04000091552734,85.3600082397461,84.68000030517578,85.40666961669922,86.4666748046875,84.75333404541016,85.68000030517578,85.77999877929688,87.05333709716797,85.18000030517578,83.913330078125,86.20000457763672,85.85333251953125,86.2066650390625,82.51333618164062,87.2066650390625,87.87332916259766,85.8133316040039,86.87332916259766,85.07999420166016,80.08000183105469,85.0133285522461,87.4000015258789,85.73999786376953,85.13999938964844,86.02666473388672,85.16000366210938,86.64666748046875,87.09333038330078,87.44000244140625,87.23333740234375,87.3133316040039,86.57333374023438,86.63333129882812,87.02666473388672,87.01333618164062,86.13333129882812,88.0133285522461,87.86666870117188,86.02667236328125,85.30667114257812,88.09333038330078,87.54000091552734,86.88666534423828,87.04000091552734,87.0,87.94000244140625,87.54666900634766,88.33333587646484,86.92666625976562,88.3066635131836,87.15332794189453,86.5199966430664,90.83333587646484,90.86666107177734,91.12667083740234,90.0199966430664,91.16000366210938,90.5133285522461,91.4000015258789,91.16666412353516,91.3933334350586,91.16666412353516,91.32000732421875,91.67333984375,91.46666717529297,91.4000015258789,91.32666778564453,91.25333404541016,91.413330078125,91.36666870117188,91.5,90.66000366210938,90.83333587646484,91.36666870117188,90.20000457763672,91.09333038330078,91.0999984741211,91.54666900634766,91.04666900634766,91.48666381835938,90.69332885742188,91.2066650390625,91.6866683959961,91.88666534423828,90.40666961669922,90.61333465576172,91.49332427978516,91.22000122070312,90.8933334350586,90.95999908447266,91.29999542236328,90.94666290283203,92.05999755859375,92.3466567993164,92.44666290283203,92.6533432006836,92.34000396728516,92.5133285522461,92.38666534423828,92.18000030517578,92.14666748046875,91.9800033569336,91.70000457763672,92.37332916259766,92.42666625976562,92.38666534423828,92.14666748046875,91.83333587646484,92.07332611083984,92.38666534423828,92.57999420166016,91.8933334350586,92.5133285522461,91.8800048828125,91.76000213623047,92.02667236328125,92.44666290283203,92.34000396728516,92.20000457763672,92.3933334350586,92.54666137695312,92.52667236328125,92.36666870117188,92.29999542236328,92.30667114257812,92.6066665649414,92.35333251953125,92.04000091552734,92.17333984375,91.94666290283203,92.1199951171875,92.0666732788086,92.00666046142578,92.36666870117188,91.8933334350586,92.3600082397461,92.64666748046875,92.42000579833984,92.20000457763672,92.2066650390625,92.3133316040039,92.45999908447266,92.50666046142578,92.3933334350586,92.086669921875,92.05999755859375,92.24666595458984,92.04000091552734,92.04000091552734,92.2066650390625,92.2199935913086,91.66666412353516,92.35999298095703,92.49332427978516,92.29999542236328,92.2933349609375,92.12667083740234,91.85333251953125,92.31999969482422,92.6866683959961,92.55333709716797,92.66666412353516,92.50667572021484,92.70000457763672,92.0,92.22000122070312,92.32000732421875,92.0199966430664,92.34000396728516,92.30001068115234,92.31999969482422,92.6066665649414,92.65999603271484,92.1866683959961,91.3600082397461,92.22000122070312,92.5199966430664,91.74666595458984,91.84000396728516,92.14666748046875,92.71332550048828,92.3133316040039,91.92666625976562,91.86666870117188,91.8066635131836,92.05333709716797,92.17999267578125,92.38666534423828,92.18000030517578,92.3066635131836,92.05333709716797,92.44666290283203,92.3933334350586,92.05999755859375,91.81999969482422,92.45999908447266,92.1066665649414,91.9800033569336,91.5666732788086,91.87332916259766,91.9466781616211,92.2066650390625,92.0199966430664,91.7266616821289,92.14000701904297,92.16000366210938,92.11333465576172,91.79999542236328,92.46666717529297,92.21334075927734,91.74666595458984,91.86666870117188,92.18000030517578,92.04666900634766,91.92000579833984,92.19998931884766,92.16666412353516,91.9800033569336,91.94000244140625,91.73333740234375,91.83999633789062,91.82000732421875,91.97333526611328,91.60000610351562,91.76666259765625,92.6533432006836,92.11333465576172,92.00667572021484,92.12667083740234,92.32666015625,92.11334228515625,91.80001068115234],