{"val_acc":[82.12,81.24,81.16,84.68,85.96,85.44,87.06,86.6,87.68,86.96,85.82,87.34,87.36,86.2,87.66,88.58,85.94,87.6,88.26,88.36,87.02,85.78,87.62,87.9,87.2,88.64,87.64,85.82,87.14,88.44,88.04,87.58,88.38,87.62,88.98,87.8,88.62,88.36,88.98,88.74,88.48,88.74,87.56,87.56,88.64,87.3,87.76,87.56,89.22,89.04,89.32,88.96,88.14,88.96,88.7,88.64,88.12,89.04,88.74,88.8,92.24,92.4,92.12,92.36,92.4,92.64,92.54,92.3,92.58,92.36,92.74,92.28,92.44,92.42,92.4,92.56,92.22,92.38,92.46,92.58,92.42,92.6,92.38,92.56,92.12,92.36,92.28,92.04,92.4,92.28,92.5,92.72,91.94,92.64,92.74,92.2,92.48,92.52,92.16,92.0,93.0,93.36,93.26,93.34,93.28,93.12,93.2,93.16,93.3,92.86,93.3,93.08,93.26,93.2,93.4,93.28,93.38,93.28,93.38,92.98,93.08,93.48,93.24,93.4,93.06,93.42,93.34,93.5,93.4,93.66,93.56,93.5,93.6,93.44,93.42,93.5,93.32,93.54,93.5,93.5,93.32,93.66,93.52,93.56,93.24,93.3,93.66,93.5,93.38,93.42,93.38,93.24,93.2,93.56,93.44,93.1,93.74,93.26,93.34,93.36,93.36,93.04,93.36,93.64,93.32,93.3,93.6,93.4,93.12,93.34,93.46,93.68,93.38,93.46,93.34,93.1,93.46,93.62,93.26,93.64,93.38,93.4,93.56,93.34,93.24,93.28,93.42,93.48,93.38,93.4,93.4,93.24,93.36,93.64,93.52,93.7,93.68,93.64,93.58,93.42,93.46,93.52,93.54,93.5,93.44,93.32,93.26,93.44,93.36,93.42,93.18,93.2,93.52,93.52,93.0,93.44,93.56,93.54,93.46,93.2,93.38,93.2,93.04,93.06,93.34,93.48,93.12,92.74,92.9,92.62,93.5,93.18,93.16,93.12,93.32,93.44,93.1,93.46,93.32,93.42],"eta_val_acc":[82.04666900634766,81.04000091552734,81.16666412353516,84.06000518798828,85.50666046142578,84.8933334350586,86.8133316040039,85.8466567993164,87.4466781616211,86.76666259765625,85.26000213623047,87.07333374023438,86.8066635131836,85.52667236328125,87.31999969482422,88.25333404541016,85.86666870117188,86.6933364868164,87.80667114257812,87.8800048828125,87.2066650390625,84.76667022705078,87.3933334350586,87.6199951171875,86.79999542236328,88.62667083740234,87.57999420166016,85.04000091552734,86.94666290283203,88.23999786376953,87.11333465576172,87.12667083740234,87.99333953857422,86.8133316040039,88.3933334350586,87.73333740234375,88.21332550048828,87.87332916259766,88.6066665649414,88.50666046142578,88.13333129882812,88.38666534423828,87.40666961669922,87.04000091552734,88.4800033569336,87.33999633789062,86.99332427978516,86.95999908447266,89.05333709716797,88.79999542236328,89.0666732788086,88.47332763671875,88.12667083740234,88.6533432006836,88.2933349609375,88.6199951171875,87.76000213623047,88.77999877929688,88.35333251953125,88.7266616821289,91.9333267211914,92.086669921875,92.01333618164062,91.75333404541016,92.1199951171875,92.24666595458984,92.11333465576172,91.7800064086914,92.52667236328125,91.95333099365234,92.586669921875,92.17333984375,92.18000030517578,91.98666381835938,92.16666412353516,92.2266616821289,92.0199966430664,92.05333709716797,92.23333740234375,92.04000091552734,91.92000579833984,92.40666961669922,91.9333267211914,92.6399917602539,92.28665924072266,92.08000946044922,91.93334197998047,91.8933334350586,92.05999755859375,91.99333953857422,92.0,92.3600082397461,91.52667236328125,92.34667205810547,92.35333251953125,92.05333709716797,91.95999908447266,92.01333618164062,91.57999420166016,91.65332794189453,92.69998931884766,92.87332916259766,93.01333618164062,93.17333984375,92.87332916259766,92.92666625976562,92.95333099365234,93.0533218383789,93.2066650390625,92.5666732788086,92.7266616821289,92.9800033569336,93.21332550048828,92.8133316040039,93.1399917602539,92.85333251953125,92.96666717529297,92.94666290283203,93.0999984741211,92.9000015258789,92.95333862304688,93.14666748046875,92.84667205810547,92.913330078125,93.0133285522461,93.17333984375,93.16000366210938,93.30667114257812,93.2066650390625,93.2933349609375,93.26667022705078,93.2066650390625,93.07333374023438,93.28665924072266,92.94666290283203,93.09333038330078,92.82000732421875,93.20000457763672,93.12000274658203,93.18000030517578,93.13333129882812,93.49333953857422,92.92666625976562,93.07333374023438,93.05333709716797,93.1066665649414,93.38666534423828,93.26000213623047,93.1066665649414,92.95333099365234,93.19998931884766,93.23333740234375,92.84000396728516,93.0666732788086,92.90666961669922,92.90666961669922,92.83333587646484,92.92666625976562,92.99333953857422,92.86666870117188,92.86666107177734,92.92000579833984,92.8933334350586,93.1866683959961,92.95333862304688,92.87999725341797,93.2733383178711,92.90666961669922,92.9333267211914,93.16000366210938,93.13333129882812,93.22000122070312,93.0,93.29999542236328,93.07333374023438,92.913330078125,93.3133316040039,93.28665924072266,93.05999755859375,93.30001068115234,92.92666625976562,93.0,93.11333465576172,92.87332916259766,93.1866683959961,92.8800048828125,93.13333892822266,92.913330078125,93.16666412353516,92.92666625976562,93.086669921875,92.76000213623047,92.9333267211914,93.21334075927734,92.82666015625,93.0666732788086,93.35333251953125,93.12667083740234,93.1199951171875,92.9000015258789,93.13333892822266,93.04666900634766,93.03333282470703,93.02666473388672,92.95999908447266,93.05333709716797,92.74666595458984,92.739990234375,92.97333526611328,92.87332916259766,92.76667022705078,92.94666290283203,93.05333709716797,93.11333465576172,92.62000274658203,92.79999542236328,93.23332977294922,92.92666625976562,92.96666717529297,92.5999984741211,93.19332885742188,92.76666259765625,92.8133316040039,92.95999908447266,93.086669921875,93.14666748046875,92.61333465576172,92.76000213623047,92.87332916259766,92.3133316040039,92.96666717529297,92.8466567993164,92.76666259765625,92.90666961669922,92.85333251953125,93.14666748046875,92.85333251953125,93.14666748046875,92.9800033569336,92.92000579833984],