{"val_acc":[83.02,83.14,81.42,84.92,86.32,86.56,86.36,86.42,87.92,86.74,86.1,86.2,87.58,83.76,87.5,88.82,88.0,86.12,88.24,88.1,86.5,86.16,87.82,86.8,87.32,87.32,88.04,85.86,85.86,87.44,86.94,87.74,88.24,88.0,88.66,88.48,87.6,87.8,88.28,88.04,87.6,88.28,87.38,86.98,88.86,88.0,88.28,87.52,89.2,87.84,89.06,89.8,88.12,87.56,87.84,88.6,87.72,87.66,88.68,88.62,91.66,91.9,91.94,91.8,92.24,92.02,92.22,92.32,92.24,92.28,92.2,92.66,92.46,92.42,91.92,92.72,91.98,91.92,92.7,92.24,92.48,92.6,91.62,92.04,92.28,92.48,92.36,92.0,92.58,92.96,92.44,92.88,92.04,92.42,92.78,91.98,92.44,92.38,91.92,92.1,92.6,93.06,93.22,92.84,93.18,92.88,93.4,93.24,93.06,93.04,93.36,93.52,93.26,93.18,93.52,93.32,93.2,93.34,93.52,93.38,93.36,93.52,93.48,93.14,93.38,93.44,93.28,93.44,93.22,93.38,93.5,93.28,93.38,93.6,93.36,93.36,93.28,93.18,93.82,93.56,93.66,93.76,93.56,93.8,93.64,93.68,93.64,93.28,93.42,93.34,93.48,93.54,93.48,93.2,93.18,93.54,93.44,93.54,93.66,93.48,93.58,93.38,93.58,93.52,93.24,93.64,93.52,93.56,93.54,93.44,93.64,93.8,93.34,93.28,93.22,93.36,93.6,93.4,93.54,93.42,93.26,93.46,93.2,93.28,93.4,93.66,93.14,93.5,93.22,93.44,93.5,93.68,93.62,93.6,93.74,93.3,93.7,93.54,93.38,93.68,93.5,93.82,93.76,93.7,93.66,93.52,93.4,93.7,93.74,93.4,93.56,93.4,93.66,93.26,93.6,93.4,93.72,93.68,93.38,93.28,93.44,93.52,93.44,93.4,93.62,93.28,93.32,93.44,93.48,93.66,93.66,93.36,93.5,93.54,93.26,93.5,93.64,93.5,93.46,93.36],"eta_val_acc":[79.63333129882812,81.38666534423828,78.4000015258789,82.29999542236328,84.13333129882812,84.2066650390625,84.32666778564453,80.20000457763672,85.99333953857422,84.70000457763672,83.52000427246094,83.32666778564453,85.38666534423828,81.00000762939453,84.84000396728516,86.26000213623047,86.10000610351562,83.07333374023438,86.0199966430664,86.03333282470703,85.6399917602539,79.63333129882812,85.45999908447266,86.0999984741211,84.16666412353516,85.44000244140625,85.57333374023438,83.18000030517578,84.09333038330078,85.75333404541016,84.08666229248047,85.99333953857422,85.2266616821289,84.74666595458984,86.20000457763672,85.83999633789062,85.17333221435547,83.72000122070312,86.83333587646484,85.11333465576172,85.8133316040039,86.17333984375,84.55333709716797,85.45333099365234,87.44666290283203,86.586669921875,85.34667205810547,85.74666595458984,87.35999298095703,85.09333038330078,86.3066635131836,86.8933334350586,85.97333526611328,84.79999542236328,86.03333282470703,86.28667449951172,84.91333770751953,85.44000244140625,86.086669921875,86.04000091552734,90.33333587646484,90.18000030517578,90.3133316040039,88.59333038330078,90.3066635131836,90.086669921875,89.95999908447266,90.04000091552734,90.23999786376953,90.07999420166016,90.12667083740234,90.32666778564453,90.1066665649414,90.1199951171875,90.03333282470703,90.20000457763672,90.45333099365234,90.3133316040039,90.7800064086914,89.7933349609375,88.8933334350586,89.85333251953125,89.24666595458984,90.17333984375,90.57333374023438,89.75333404541016,90.51333618164062,90.13333892822266,88.86666870117188,90.32666778564453,90.02667236328125,90.51333618164062,89.16666412353516,89.61334228515625,89.85999298095703,89.37332916259766,88.59333038330078,89.87999725341797,89.1066665649414,89.00667572021484,90.44666290283203,91.2266616821289,91.1066665649414,91.2066650390625,90.38665771484375,90.82666015625,90.76666259765625,90.35999298095703,91.15999603271484,90.8066635131836,90.44666290283203,91.21334075927734,91.2733383178711,91.05999755859375,91.4800033569336,89.94000244140625,90.67333221435547,90.04666900634766,90.94000244140625,91.21332550048828,91.83999633789062,90.86666870117188,89.9800033569336,89.92000579833984,91.1933364868164,91.48666381835938,90.88666534423828,90.87999725341797,91.29999542236328,91.57999420166016,91.26666259765625,90.5199966430664,90.67333221435547,91.37332916259766,90.76666259765625,91.0199966430664,89.95999908447266,90.60000610351562,90.65332794189453,91.07999420166016,90.5133285522461,91.52667236328125,90.4666748046875,91.57333374023438,91.42000579833984,90.42666625976562,91.05333709716797,90.02667236328125,90.52666473388672,90.77999877929688,91.45999908447266,91.5199966430664,90.44000244140625,90.17333984375,90.57333374023438,90.8800048828125,90.46666717529297,90.82666015625,90.8800048828125,90.87332916259766,90.69998931884766,91.2933349609375,90.59333038330078,90.98666381835938,90.0999984741211,89.9866714477539,91.02666473388672,91.51333618164062,91.3800048828125,91.0,91.40666961669922,91.413330078125,90.44000244140625,91.04666900634766,90.26667022705078,90.95999908447266,91.086669921875,90.6399917602539,90.73333740234375,91.19332885742188,91.04666137695312,90.85999298095703,90.2800064086914,90.17333221435547,91.09333038330078,90.95333862304688,90.59333038330078,91.06665802001953,90.90666961669922,90.73999786376953,90.1533432006836,90.8933334350586,90.73999786376953,91.02667236328125,90.00667572021484,90.9466781616211,91.05999755859375,90.98666381835938,90.2733383178711,90.62667083740234,91.05999755859375,90.33333587646484,90.35333251953125,91.5199966430664,90.85333251953125,90.84667205810547,89.7266616821289,90.15332794189453,90.6933364868164,90.87332916259766,90.3800048828125,90.47332763671875,91.14000701904297,91.45999908447266,89.99333953857422,90.13333129882812,90.63333129882812,91.09333038330078,90.45333099365234,90.1866683959961,90.66666412353516,90.8466567993164,90.23332977294922,90.3933334350586,90.6933364868164,90.1866683959961,89.6533432006836,90.60000610351562,90.25333404541016,90.76000213623047,90.13333129882812,90.50667572021484,89.94000244140625,91.05333709716797,90.3800048828125,90.8066635131836,90.83333587646484,91.40666961669922,90.82666778564453,90.45999908447266],