{"val_acc":[82.12,83.5,83.94,83.74,85.26,83.94,84.3,86.16,86.64,87.1,87.24,86.64,88.06,86.52,86.74,86.76,87.82,87.88,87.7,88.16,88.28,86.26,87.56,88.48,88.52,88.42,87.68,85.5,85.9,88.1,89.04,86.6,89.3,86.38,88.18,88.44,88.28,86.66,88.52,86.88,88.34,86.64,89.0,86.84,88.46,89.02,88.76,86.14,88.92,88.2,88.1,88.76,87.34,88.78,87.3,88.96,87.68,89.12,88.48,87.88,92.02,92.14,92.58,92.8,92.26,92.38,92.82,92.88,93.4,93.1,92.64,92.44,92.88,92.68,92.46,92.66,92.28,92.38,92.36,92.52,92.66,92.6,92.46,92.42,92.44,92.32,92.08,92.92,92.42,92.68,92.58,92.36,91.54,92.42,92.38,92.16,92.06,92.36,92.0,92.38,93.04,93.18,93.56,93.42,93.3,93.28,93.36,93.2,93.58,93.44,93.36,93.26,93.54,93.48,93.42,93.26,93.52,93.28,93.42,93.2,93.58,93.24,93.38,93.42,93.36,93.6,93.42,93.4,93.28,93.36,93.44,93.42,93.24,93.48,93.38,93.06,93.48,93.54,93.3,93.52,93.4,93.42,93.3,93.48,93.68,93.56,93.2,93.72,93.46,93.36,93.5,93.38,93.22,93.62,93.6,93.36,93.48,93.52,93.32,93.14,93.0,93.12,93.46,93.24,93.14,93.1,93.42,93.52,93.26,93.32,93.6,93.72,93.24,93.3,93.36,93.12,93.36,93.52,93.1,93.48,93.34,93.14,93.42,93.34,93.62,93.3,93.48,93.38,93.0,93.22,93.56,93.56,93.26,93.36,93.42,93.26,93.14,93.34,93.2,93.16,93.48,93.24,93.32,93.68,93.44,93.44,93.68,93.18,93.74,93.2,93.44,93.48,93.44,93.36,93.12,93.24,93.36,93.26,93.34,92.94,93.42,93.2,93.5,93.2,93.18,93.14,93.1,93.2,93.2,93.24,93.3,93.54,93.18,93.08,93.12,93.24,93.56,93.02,93.22,93.64],"eta_val_acc":[81.6933364868164,83.44000244140625,83.8933334350586,83.913330078125,85.03333282470703,83.92000579833984,84.09333038330078,86.0199966430664,86.76000213623047,86.95999908447266,87.1866683959961,86.2733383178711,87.77999877929688,86.3600082397461,86.71334075927734,86.7933349609375,87.7933349609375,87.90666961669922,87.6066665649414,88.04666137695312,88.3466567993164,85.73999786376953,87.51333618164062,88.49333953857422,88.28667449951172,88.4800033569336,87.56665802001953,85.24666595458984,85.95333099365234,88.1933364868164,88.84667205810547,86.33333587646484,89.2266616821289,86.1866683959961,88.16000366210938,88.35333251953125,88.086669921875,86.6199951171875,88.413330078125,86.83333587646484,88.27999877929688,86.6199951171875,88.95333099365234,86.69998931884766,88.55333709716797,88.8066635131836,88.4800033569336,85.85333251953125,88.86666870117188,88.04000091552734,88.16666412353516,88.76666259765625,87.2266616821289,88.78665924072266,87.21334075927734,88.92000579833984,87.65999603271484,89.12667083740234,88.54666900634766,87.87999725341797,92.05333709716797,92.17999267578125,92.48666381835938,92.64666748046875,92.40666961669922,92.25333404541016,92.586669921875,92.85333251953125,93.24666595458984,93.03333282470703,92.63333892822266,92.45333862304688,92.73999786376953,92.59333038330078,92.42000579833984,92.71334075927734,92.20000457763672,92.32666015625,92.33333587646484,92.46666717529297,92.61333465576172,92.62667083740234,92.33333587646484,92.4333267211914,92.42666625976562,92.3600082397461,91.9800033569336,92.83333587646484,92.36666870117188,92.64666748046875,92.47332763671875,92.5199966430664,91.45333099365234,92.2733383178711,92.3933334350586,92.12667083740234,91.97333526611328,92.47333526611328,91.95999908447266,92.3133316040039,93.04000091552734,93.15999603271484,93.50666046142578,93.35999298095703,93.2066650390625,93.15332794189453,93.27999877929688,93.1866683959961,93.41999053955078,93.04000091552734,93.3133316040039,93.29999542236328,93.4800033569336,93.29999542236328,93.3800048828125,93.239990234375,93.54000091552734,93.26000213623047,93.5133285522461,93.25333404541016,93.47333526611328,93.1066665649414,93.15999603271484,93.4000015258789,93.23333740234375,93.52667236328125,93.24666595458984,93.32666778564453,93.25333404541016,93.22000122070312,93.23333740234375,93.413330078125,93.16000366210938,93.3600082397461,93.3466567993164,93.12667083740234,93.4000015258789,93.4333267211914,93.24667358398438,93.57999420166016,93.33333587646484,93.4800033569336,93.21334075927734,93.3933334350586,93.64666748046875,93.413330078125,93.1399917602539,93.55999755859375,93.51333618164062,93.3933334350586,93.3933334350586,93.40666961669922,93.19332885742188,93.44000244140625,93.4000015258789,93.3800048828125,93.34667205810547,93.4666748046875,93.29999542236328,92.85333251953125,93.0999984741211,93.0999984741211,93.3066635131836,93.15332794189453,93.05999755859375,93.17999267578125,93.3133316040039,93.44666290283203,93.1866683959961,93.32000732421875,93.586669921875,93.61333465576172,93.2066650390625,93.31999969482422,93.36666870117188,93.00666046142578,93.3466567993164,93.46666717529297,93.12667083740234,93.413330078125,93.27999877929688,93.05333709716797,93.34000396728516,93.3133316040039,93.44000244140625,93.30667114257812,93.3466567993164,93.46666717529297,92.95333099365234,93.21334075927734,93.5,93.49333953857422,93.11333465576172,93.35333251953125,93.3800048828125,93.14666748046875,93.18000030517578,93.3466567993164,93.21334075927734,93.2066650390625,93.3933334350586,93.31999969482422,93.28665924072266,93.57333374023438,93.42666625976562,93.3800048828125,93.4333267211914,93.0999984741211,93.5199966430664,93.12000274658203,93.27999877929688,93.26666259765625,93.38666534423828,93.3066635131836,93.07333374023438,93.04666900634766,93.49332427978516,93.17333984375,93.22000122070312,92.95999908447266,93.28665924072266,93.11334228515625,93.21334075927734,93.26000213623047,93.14000701904297,93.16000366210938,93.0199966430664,93.13333129882812,93.34000396728516,93.02666473388672,93.21334075927734,93.44000244140625,92.9800033569336,93.15999603271484,93.04666137695312,93.23999786376953,93.65999603271484,92.9800033569336,93.16666412353516,93.54666137695312],