{"val_acc":[82.34,83.52,84.0,86.18,85.06,87.08,86.06,86.72,88.08,85.28,87.72,86.7,87.34,84.74,87.7,87.84,84.5,87.18,87.94,87.86,87.52,87.6,88.44,87.86,87.58,87.92,86.66,85.0,88.3,87.38,88.1,87.58,87.38,87.22,89.22,86.86,88.68,88.76,87.3,89.64,87.9,87.9,88.08,88.56,88.68,88.52,88.74,87.34,88.74,89.18,89.4,88.4,87.18,88.98,88.1,88.86,86.14,88.74,87.34,87.76,91.74,92.22,92.02,91.72,92.16,92.0,92.7,92.26,92.28,92.5,92.34,92.5,91.92,92.44,92.3,92.36,92.48,92.56,91.98,92.16,92.24,92.44,92.32,92.18,91.88,92.16,92.18,92.18,92.08,91.82,92.28,92.38,91.82,91.92,92.14,92.32,92.26,92.22,92.08,91.86,93.2,93.24,93.24,93.26,93.52,93.28,93.62,93.16,93.28,93.22,93.24,93.56,93.36,93.22,93.3,93.56,93.34,93.3,93.62,93.06,93.12,93.14,93.52,93.1,93.28,93.1,93.0,93.16,93.3,93.06,93.2,93.02,93.58,93.16,93.04,93.14,93.08,92.98,93.16,93.2,93.24,93.44,93.18,93.7,93.18,93.24,93.46,93.22,93.34,93.24,93.1,93.36,93.18,93.34,93.06,93.24,93.2,93.24,93.24,93.48,93.3,93.44,93.46,93.34,93.26,93.2,93.3,93.38,93.66,93.4,93.66,93.44,93.38,93.42,93.24,93.2,93.64,93.26,93.08,93.48,93.4,93.22,93.44,93.48,93.64,93.28,93.52,93.46,93.26,93.14,93.38,93.24,93.16,93.46,93.36,93.42,93.3,93.66,93.7,93.6,93.32,93.12,93.38,93.44,93.46,93.2,93.28,93.48,93.46,93.3,93.32,93.32,93.2,93.7,93.34,93.42,93.24,93.52,93.5,93.6,93.46,93.28,93.44,93.22,93.44,93.36,93.28,93.38,93.2,93.38,93.44,93.14,93.22,93.16,93.0,93.52,93.28,93.2,93.24,93.22],"eta_val_acc":[80.65999603271484,82.87332916259766,83.23999786376953,85.71334075927734,84.1866683959961,86.6199951171875,85.78667449951172,85.5199966430664,87.51333618164062,84.6866683959961,86.64666748046875,85.80667114257812,86.35333251953125,83.7933349609375,86.59333038330078,87.09333038330078,84.43333435058594,85.76666259765625,87.15332794189453,86.82666015625,87.49333953857422,85.63333129882812,87.4333267211914,87.00666046142578,86.40666961669922,87.28665924072266,85.86666870117188,83.42000579833984,87.54000091552734,87.12667083740234,86.57333374023438,86.16000366210938,86.54000091552734,85.71334075927734,88.32666778564453,86.05333709716797,87.85333251953125,87.71334075927734,86.96666717529297,89.01333618164062,87.32666778564453,86.9466781616211,87.76000213623047,87.30667114257812,87.8600082397461,87.87332916259766,87.37999725341797,86.57999420166016,87.8933334350586,87.9000015258789,88.35333251953125,87.36666870117188,86.37332916259766,87.55999755859375,87.11333465576172,88.08666229248047,85.96666717529297,87.7266616821289,86.95333099365234,87.04666900634766,91.23999786376953,91.44666290283203,91.44000244140625,90.57332611083984,91.66000366210938,91.00667572021484,91.586669921875,91.42666625976562,91.8933334350586,91.5666732788086,91.45333099365234,91.98666381835938,91.3600082397461,91.77999877929688,91.64666748046875,91.55333709716797,91.739990234375,91.6933364868164,91.4333267211914,91.55333709716797,90.66666412353516,91.87999725341797,91.19332885742188,91.84667205810547,91.47332763671875,91.413330078125,91.1399917602539,91.7266616821289,90.98666381835938,91.55999755859375,91.31999969482422,92.01333618164062,90.67333221435547,90.9466781616211,91.18000030517578,91.68000030517578,91.12667083740234,91.19332885742188,91.22000122070312,91.18000030517578,92.2733383178711,92.33333587646484,92.55333709716797,92.71334075927734,92.5199966430664,92.49332427978516,92.64000701904297,92.53333282470703,92.586669921875,91.88666534423828,92.4000015258789,92.6066665649414,92.61333465576172,92.4800033569336,92.49332427978516,92.47332763671875,92.37332916259766,92.30001068115234,92.57333374023438,92.38666534423828,92.47332763671875,92.38666534423828,92.12667083740234,92.086669921875,92.5333251953125,92.35999298095703,92.55999755859375,92.49332427978516,92.72000122070312,92.75333404541016,92.37999725341797,92.26666259765625,92.57999420166016,92.5999984741211,92.1533432006836,92.01333618164062,92.0999984741211,92.2733383178711,92.25333404541016,92.36666870117188,92.42000579833984,92.74666595458984,91.94000244140625,92.66666412353516,92.66666412353516,92.51333618164062,92.3133316040039,92.3133316040039,92.56000518798828,92.6866683959961,92.413330078125,92.51333618164062,92.16000366210938,92.45999908447266,92.67333221435547,92.26000213623047,92.1399917602539,92.36666107177734,92.50667572021484,92.37332916259766,92.44666290283203,92.8600082397461,92.53333282470703,92.35333251953125,92.26666259765625,92.25333404541016,92.61334228515625,92.52667236328125,92.6066665649414,92.77999877929688,92.66666412353516,92.88666534423828,92.34667205810547,92.1533432006836,92.45333862304688,92.3600082397461,92.73333740234375,92.40666961669922,92.40666961669922,92.66666412353516,92.586669921875,92.44666290283203,92.0999984741211,92.78665924072266,92.54000091552734,92.26000213623047,92.70000457763672,92.61333465576172,92.59333038330078,92.3466567993164,92.0,92.63333129882812,92.14666748046875,92.6866683959961,91.73333740234375,92.4000015258789,92.37332916259766,92.64000701904297,92.6066665649414,92.68000030517578,92.30667114257812,92.4000015258789,92.1866683959961,92.45999908447266,92.4800033569336,92.42666625976562,92.16666412353516,92.44666290283203,92.6066665649414,92.05999755859375,92.21332550048828,92.57333374023438,92.42666625976562,92.47332763671875,92.4866714477539,92.25333404541016,92.3066635131836,92.73999786376953,92.64000701904297,92.40666961669922,92.6399917602539,92.64666748046875,92.36666870117188,92.45333862304688,92.3933334350586,92.3466567993164,91.95999908447266,92.32666778564453,92.04666137695312,92.413330078125,92.45999908447266,92.04666900634766,92.18000030517578,92.45999908447266,92.16666412353516,92.3600082397461,92.19998931884766,92.26000213623047,92.37332916259766,92.07999420166016],