{"val_acc":[88.5200000366211,88.53999985351562],"eta_val_acc":[88.35333251953125,88.44000244140625],"eta_val_acc_std":[0.11718981713056564,0.11999893188476562]}